r_fm,u_S_wave,w_D_wave
0.0050,1.34304969e-03,5.23056071e-08
0.0150,4.03024643e-03,1.41200308e-06
0.0250,6.72074912e-03,6.53477062e-06
0.0350,9.41675446e-03,1.79220070e-05
0.0450,1.21204552e-02,3.80641124e-05
0.0550,1.48340461e-02,6.94361873e-05
0.0650,1.75597071e-02,1.14493538e-04
0.0750,2.02996070e-02,1.75667252e-04
0.0850,2.30559134e-02,2.55360127e-04
0.0950,2.58307677e-02,3.55941743e-04
0.1050,2.86263080e-02,4.79744814e-04
0.1150,3.14446445e-02,6.29060075e-04
0.1250,3.42878663e-02,8.06132143e-04
0.1350,3.71580485e-02,1.01315590e-03
0.1450,4.00572295e-02,1.25227093e-03
0.1550,4.29874205e-02,1.52555796e-03
0.1650,4.59506040e-02,1.83503489e-03
0.1750,4.89487158e-02,2.18265113e-03
0.1850,5.19836637e-02,2.57028572e-03
0.1950,5.50573002e-02,2.99974067e-03
0.2050,5.81714284e-02,3.47273764e-03
0.2150,6.13278082e-02,3.99091583e-03
0.2250,6.45281282e-02,4.55582424e-03
0.2350,6.77740278e-02,5.16892215e-03
0.2450,7.10670675e-02,5.83157111e-03
0.2550,7.44087350e-02,6.54503294e-03
0.2650,7.78004520e-02,7.31046879e-03
0.2750,8.12435425e-02,8.12893012e-03
0.2850,8.47392542e-02,9.00136116e-03
0.2950,8.82887347e-02,9.92859158e-03
0.3050,9.18930320e-02,1.09113348e-02
0.3150,9.55530957e-02,1.19501865e-02
0.3250,9.92697648e-02,1.30456214e-02
0.3350,1.03043759e-01,1.41979885e-02
0.3450,1.06875694e-01,1.54075151e-02
0.3550,1.10766042e-01,1.66742959e-02
0.3650,1.14715169e-01,1.79983027e-02
0.3750,1.18723297e-01,1.93793728e-02
0.3850,1.22790515e-01,2.08172143e-02
0.3950,1.26916781e-01,2.23114060e-02
0.4050,1.31101903e-01,2.38613924e-02
0.4150,1.35345548e-01,2.54664874e-02
0.4250,1.39647246e-01,2.71258787e-02
0.4350,1.44006365e-01,2.88386178e-02
0.4450,1.48422142e-01,3.06036367e-02
0.4550,1.52893650e-01,3.24197348e-02
0.4650,1.57419822e-01,3.42855911e-02
0.4750,1.61999447e-01,3.61997663e-02
0.4850,1.66631151e-01,3.81606972e-02
0.4950,1.71313437e-01,4.01667164e-02
0.5050,1.76044649e-01,4.22160396e-02
0.5150,1.80822991e-01,4.43067775e-02
0.5250,1.85646547e-01,4.64369484e-02
0.5350,1.90513251e-01,4.86044676e-02
0.5450,1.95420916e-01,5.08071656e-02
0.5550,2.00367241e-01,5.30427921e-02
0.5650,2.05349790e-01,5.53090134e-02
0.5750,2.10366039e-01,5.76034370e-02
0.5850,2.15413339e-01,5.99235965e-02
0.5950,2.20488960e-01,6.22669795e-02
0.6050,2.25590079e-01,6.46310218e-02
0.6150,2.30713783e-01,6.70131180e-02
0.6250,2.35857095e-01,6.94106327e-02
0.6350,2.41016977e-01,7.18209090e-02
0.6450,2.46190317e-01,7.42412655e-02
0.6550,2.51373983e-01,7.66690249e-02
0.6650,2.56564776e-01,7.91014973e-02
0.6750,2.61759491e-01,8.15360105e-02
0.6850,2.66954891e-01,8.39699035e-02
0.6950,2.72147723e-01,8.64005370e-02
0.7050,2.77334753e-01,8.88253102e-02
0.7150,2.82512730e-01,9.12416532e-02
0.7250,2.87678426e-01,9.36470416e-02
0.7350,2.92828649e-01,9.60390121e-02
0.7450,2.97960220e-01,9.84151482e-02
0.7550,3.03070016e-01,1.00773108e-01
0.7650,3.08154955e-01,1.03110614e-01
0.7750,3.13212004e-01,1.05425465e-01
0.7850,3.18238212e-01,1.07715547e-01
0.7950,3.23230668e-01,1.09978818e-01
0.8050,3.28186564e-01,1.12213341e-01
0.8150,3.33103155e-01,1.14417258e-01
0.8250,3.37977781e-01,1.16588810e-01
0.8350,3.42807886e-01,1.18726341e-01
0.8450,3.47590996e-01,1.20828290e-01
0.8550,3.52324737e-01,1.22893195e-01
0.8650,3.57006847e-01,1.24919705e-01
0.8750,3.61635152e-01,1.26906562e-01
0.8850,3.66207600e-01,1.28852620e-01
0.8950,3.70722237e-01,1.30756828e-01
0.9050,3.75177226e-01,1.32618243e-01
0.9150,3.79570838e-01,1.34436022e-01
0.9250,3.83901456e-01,1.36209418e-01
0.9350,3.88167570e-01,1.37937785e-01
0.9450,3.92367796e-01,1.39620573e-01
0.9550,3.96500841e-01,1.41257322e-01
0.9650,4.00565542e-01,1.42847668e-01
0.9750,4.04560829e-01,1.44391329e-01
0.9850,4.08485745e-01,1.45888110e-01
0.9950,4.12339446e-01,1.47337899e-01
1.0050,4.16121174e-01,1.48740656e-01
1.0150,4.19830287e-01,1.50096421e-01
1.0250,4.23466241e-01,1.51405306e-01
1.0350,4.27028572e-01,1.52667481e-01
1.0450,4.30516928e-01,1.53883187e-01
1.0550,4.33931040e-01,1.55052722e-01
1.0650,4.37270717e-01,1.56176436e-01
1.0750,4.40535862e-01,1.57254736e-01
1.0850,4.43726457e-01,1.58288073e-01
1.0950,4.46842559e-01,1.59276945e-01
1.1050,4.49884299e-01,1.60221889e-01
1.1150,4.52851873e-01,1.61123476e-01
1.1250,4.55745551e-01,1.61982315e-01
1.1350,4.58565667e-01,1.62799045e-01
1.1450,4.61312607e-01,1.63574331e-01
1.1550,4.63986821e-01,1.64308860e-01
1.1650,4.66588806e-01,1.65003343e-01
1.1750,4.69119115e-01,1.65658506e-01
1.1850,4.71578346e-01,1.66275094e-01
1.1950,4.73967137e-01,1.66853864e-01
1.2050,4.76286168e-01,1.67395580e-01
1.2150,4.78536162e-01,1.67901019e-01
1.2250,4.80717871e-01,1.68370963e-01
1.2350,4.82832079e-01,1.68806196e-01
1.2450,4.84879600e-01,1.69207504e-01
1.2550,4.86861277e-01,1.69575677e-01
1.2650,4.88777975e-01,1.69911502e-01
1.2750,4.90630578e-01,1.70215764e-01
1.2850,4.92419992e-01,1.70489244e-01
1.2950,4.94147141e-01,1.70732716e-01
1.3050,4.95812963e-01,1.70946951e-01
1.3150,4.97418407e-01,1.71132712e-01
1.3250,4.98964433e-01,1.71290752e-01
1.3350,5.00452011e-01,1.71421819e-01
1.3450,5.01882119e-01,1.71526647e-01
1.3550,5.03255740e-01,1.71605963e-01
1.3650,5.04573858e-01,1.71660481e-01
1.3750,5.05837463e-01,1.71690906e-01
1.3850,5.07047547e-01,1.71697929e-01
1.3950,5.08205096e-01,1.71682230e-01
1.4050,5.09311100e-01,1.71644478e-01
1.4150,5.10366544e-01,1.71585327e-01
1.4250,5.11372411e-01,1.71505420e-01
1.4350,5.12329677e-01,1.71405385e-01
1.4450,5.13239313e-01,1.71285841e-01
1.4550,5.14102282e-01,1.71147389e-01
1.4650,5.14919545e-01,1.70990622e-01
1.4750,5.15692048e-01,1.70816117e-01
1.4850,5.16420731e-01,1.70624436e-01
1.4950,5.17106526e-01,1.70416133e-01
1.5050,5.17750353e-01,1.70191745e-01
1.5150,5.18353125e-01,1.69951799e-01
1.5250,5.18915738e-01,1.69696808e-01
1.5350,5.19439081e-01,1.69427272e-01
1.5450,5.19924030e-01,1.69143681e-01
1.5550,5.20371449e-01,1.68846509e-01
1.5650,5.20782190e-01,1.68536222e-01
1.5750,5.21157091e-01,1.68213273e-01
1.5850,5.21496978e-01,1.67878101e-01
1.5950,5.21802665e-01,1.67531137e-01
1.6050,5.22074949e-01,1.67172799e-01
1.6150,5.22314618e-01,1.66803494e-01
1.6250,5.22522446e-01,1.66423620e-01
1.6350,5.22699190e-01,1.66033561e-01
1.6450,5.22845596e-01,1.65633696e-01
1.6550,5.22962397e-01,1.65224388e-01
1.6650,5.23050310e-01,1.64805994e-01
1.6750,5.23110042e-01,1.64378859e-01
1.6850,5.23142282e-01,1.63943322e-01
1.6950,5.23147710e-01,1.63499708e-01
1.7050,5.23126989e-01,1.63048338e-01
1.7150,5.23080769e-01,1.62589520e-01
1.7250,5.23009690e-01,1.62123556e-01
1.7350,5.22914377e-01,1.61650738e-01
1.7450,5.22795439e-01,1.61171352e-01
1.7550,5.22653477e-01,1.60685673e-01
1.7650,5.22489076e-01,1.60193971e-01
1.7750,5.22302809e-01,1.59696506e-01
1.7850,5.22095239e-01,1.59193532e-01
1.7950,5.21866912e-01,1.58685297e-01
1.8050,5.21618366e-01,1.58172040e-01
1.8150,5.21350126e-01,1.57653994e-01
1.8250,5.21062705e-01,1.57131384e-01
1.8350,5.20756603e-01,1.56604430e-01
1.8450,5.20432311e-01,1.56073346e-01
1.8550,5.20090307e-01,1.55538338e-01
1.8650,5.19731061e-01,1.54999608e-01
1.8750,5.19355026e-01,1.54457351e-01
1.8850,5.18962650e-01,1.53911756e-01
1.8950,5.18554370e-01,1.53363008e-01
1.9050,5.18130610e-01,1.52811285e-01
1.9150,5.17691787e-01,1.52256761e-01
1.9250,5.17238305e-01,1.51699602e-01
1.9350,5.16770560e-01,1.51139973e-01
1.9450,5.16288940e-01,1.50578033e-01
1.9550,5.15793821e-01,1.50013935e-01
1.9650,5.15285572e-01,1.49447827e-01
1.9750,5.14764552e-01,1.48879855e-01
1.9850,5.14231110e-01,1.48310159e-01
1.9950,5.13685590e-01,1.47738875e-01
2.0050,5.13128325e-01,1.47166134e-01
2.0150,5.12559641e-01,1.46592065e-01
2.0250,5.11979856e-01,1.46016792e-01
2.0350,5.11389278e-01,1.45440434e-01
2.0450,5.10788209e-01,1.44863110e-01
2.0550,5.10176946e-01,1.44284930e-01
2.0650,5.09555776e-01,1.43706005e-01
2.0750,5.08924978e-01,1.43126441e-01
2.0850,5.08284826e-01,1.42546341e-01
2.0950,5.07635586e-01,1.41965804e-01
2.1050,5.06977521e-01,1.41384926e-01
2.1150,5.06310881e-01,1.40803802e-01
2.1250,5.05635915e-01,1.40222521e-01
2.1350,5.04952862e-01,1.39641170e-01
2.1450,5.04261960e-01,1.39059836e-01
2.1550,5.03563437e-01,1.38478599e-01
2.1650,5.02857517e-01,1.37897539e-01
2.1750,5.02144417e-01,1.37316733e-01
2.1850,5.01424351e-01,1.36736256e-01
2.1950,5.00697525e-01,1.36156179e-01
2.2050,4.99964141e-01,1.35576572e-01
2.2150,4.99224396e-01,1.34997500e-01
2.2250,4.98478484e-01,1.34419031e-01
2.2350,4.97726590e-01,1.33841227e-01
2.2450,4.96968898e-01,1.33264149e-01
2.2550,4.96205584e-01,1.32687856e-01
2.2650,4.95436824e-01,1.32112402e-01
2.2750,4.94662787e-01,1.31537844e-01
2.2850,4.93883638e-01,1.30964235e-01
2.2950,4.93099537e-01,1.30391626e-01
2.3050,4.92310642e-01,1.29820065e-01
2.3150,4.91517105e-01,1.29249600e-01
2.3250,4.90719077e-01,1.28680279e-01
2.3350,4.89916702e-01,1.28112144e-01
2.3450,4.89110122e-01,1.27545237e-01
2.3550,4.88299477e-01,1.26979600e-01
2.3650,4.87484901e-01,1.26415273e-01
2.3750,4.86666525e-01,1.25852295e-01
2.3850,4.85844478e-01,1.25290702e-01
2.3950,4.85018887e-01,1.24730527e-01
2.4050,4.84189872e-01,1.24171808e-01
2.4150,4.83357552e-01,1.23614575e-01
2.4250,4.82522044e-01,1.23058860e-01
2.4350,4.81683462e-01,1.22504694e-01
2.4450,4.80841917e-01,1.21952106e-01
2.4550,4.79997515e-01,1.21401123e-01
2.4650,4.79150361e-01,1.20851772e-01
2.4750,4.78300560e-01,1.20304079e-01
2.4850,4.77448211e-01,1.19758070e-01
2.4950,4.76593412e-01,1.19213766e-01
2.5050,4.75736257e-01,1.18671191e-01
2.5150,4.74876841e-01,1.18130367e-01
2.5250,4.74015254e-01,1.17591314e-01
2.5350,4.73151585e-01,1.17054052e-01
2.5450,4.72285919e-01,1.16518600e-01
2.5550,4.71418341e-01,1.15984976e-01
2.5650,4.70548935e-01,1.15453197e-01
2.5750,4.69677780e-01,1.14923280e-01
2.5850,4.68804953e-01,1.14395240e-01
2.5950,4.67930532e-01,1.13869092e-01
2.6050,4.67054593e-01,1.13344851e-01
2.6150,4.66177207e-01,1.12822530e-01
2.6250,4.65298444e-01,1.12302140e-01
2.6350,4.64418376e-01,1.11783695e-01
2.6450,4.63537070e-01,1.11267205e-01
2.6550,4.62654592e-01,1.10752683e-01
2.6650,4.61771007e-01,1.10240136e-01
2.6750,4.60886377e-01,1.09729576e-01
2.6850,4.60000764e-01,1.09221010e-01
2.6950,4.59114228e-01,1.08714448e-01
2.7050,4.58226829e-01,1.08209897e-01
2.7150,4.57338623e-01,1.07707364e-01
2.7250,4.56449667e-01,1.07206857e-01
2.7350,4.55560015e-01,1.06708380e-01
2.7450,4.54669721e-01,1.06211941e-01
2.7550,4.53778835e-01,1.05717544e-01
2.7650,4.52887409e-01,1.05225193e-01
2.7750,4.51995494e-01,1.04734895e-01
2.7850,4.51103138e-01,1.04246653e-01
2.7950,4.50210386e-01,1.03760469e-01
2.8050,4.49317287e-01,1.03276346e-01
2.8150,4.48423886e-01,1.02794289e-01
2.8250,4.47530228e-01,1.02314300e-01
2.8350,4.46636353e-01,1.01836379e-01
2.8450,4.45742305e-01,1.01360528e-01
2.8550,4.44848125e-01,1.00886751e-01
2.8650,4.43953854e-01,1.00415046e-01
2.8750,4.43059529e-01,9.99454143e-02
2.8850,4.42165191e-01,9.94778567e-02
2.8950,4.41270876e-01,9.90123733e-02
2.9050,4.40376621e-01,9.85489634e-02
2.9150,4.39482462e-01,9.80876263e-02
2.9250,4.38588433e-01,9.76283612e-02
2.9350,4.37694568e-01,9.71711672e-02
2.9450,4.36800902e-01,9.67160429e-02
2.9550,4.35907468e-01,9.62629866e-02
2.9650,4.35014294e-01,9.58119960e-02
2.9750,4.34121414e-01,9.53630692e-02
2.9850,4.33228859e-01,9.49162043e-02
2.9950,4.32336657e-01,9.44713981e-02
3.0050,4.31444836e-01,9.40286480e-02
3.0150,4.30553428e-01,9.35879512e-02
3.0250,4.29662459e-01,9.31493045e-02
3.0350,4.28771954e-01,9.27127042e-02
3.0450,4.27881941e-01,9.22781467e-02
3.0550,4.26992447e-01,9.18456283e-02
3.0650,4.26103496e-01,9.14151456e-02
3.0750,4.25215112e-01,9.09866938e-02
3.0850,4.24327319e-01,9.05602688e-02
3.0950,4.23440142e-01,9.01358665e-02
3.1050,4.22553604e-01,8.97134822e-02
3.1150,4.21667726e-01,8.92931110e-02
3.1250,4.20782531e-01,8.88747478e-02
3.1350,4.19898039e-01,8.84583880e-02
3.1450,4.19014273e-01,8.80440266e-02
3.1550,4.18131253e-01,8.76316582e-02
3.1650,4.17248997e-01,8.72212773e-02
3.1750,4.16367527e-01,8.68128782e-02
3.1850,4.15486860e-01,8.64064556e-02
3.1950,4.14607016e-01,8.60020040e-02
3.2050,4.13728013e-01,8.55995171e-02
3.2150,4.12849868e-01,8.51989891e-02
3.2250,4.11972600e-01,8.48004143e-02
3.2350,4.11096224e-01,8.44037865e-02
3.2450,4.10220758e-01,8.40090993e-02
3.2550,4.09346216e-01,8.36163462e-02
3.2650,4.08472616e-01,8.32255212e-02
3.2750,4.07599974e-01,8.28366181e-02
3.2850,4.06728303e-01,8.24496297e-02
3.2950,4.05857619e-01,8.20645498e-02
3.3050,4.04987935e-01,8.16813720e-02
3.3150,4.04119267e-01,8.13000893e-02
3.3250,4.03251628e-01,8.09206947e-02
3.3350,4.02385029e-01,8.05431815e-02
3.3450,4.01519486e-01,8.01675429e-02
3.3550,4.00655011e-01,7.97937720e-02
3.3650,3.99791617e-01,7.94218617e-02
3.3750,3.98929314e-01,7.90518048e-02
3.3850,3.98068116e-01,7.86835942e-02
3.3950,3.97208033e-01,7.83172229e-02
3.4050,3.96349077e-01,7.79526837e-02
3.4150,3.95491258e-01,7.75899693e-02
3.4250,3.94634589e-01,7.72290723e-02
3.4350,3.93779080e-01,7.68699858e-02
3.4450,3.92924740e-01,7.65127023e-02
3.4550,3.92071578e-01,7.61572142e-02
3.4650,3.91219606e-01,7.58035140e-02
3.4750,3.90368832e-01,7.54515947e-02
3.4850,3.89519266e-01,7.51014488e-02
3.4950,3.88670917e-01,7.47530684e-02
3.5050,3.87823793e-01,7.44064462e-02
3.5150,3.86977904e-01,7.40615750e-02
3.5250,3.86133257e-01,7.37184471e-02
3.5350,3.85289861e-01,7.33770548e-02
3.5450,3.84447722e-01,7.30373903e-02
3.5550,3.83606850e-01,7.26994465e-02
3.5650,3.82767252e-01,7.23632157e-02
3.5750,3.81928935e-01,7.20286902e-02
3.5850,3.81091906e-01,7.16958623e-02
3.5950,3.80256171e-01,7.13647243e-02
3.6050,3.79421739e-01,7.10352690e-02
3.6150,3.78588616e-01,7.07074884e-02
3.6250,3.77756805e-01,7.03813748e-02
3.6350,3.76926317e-01,7.00569208e-02
3.6450,3.76097157e-01,6.97341189e-02
3.6550,3.75269328e-01,6.94129611e-02
3.6650,3.74442838e-01,6.90934398e-02
3.6750,3.73617692e-01,6.87755473e-02
3.6850,3.72793895e-01,6.84592763e-02
3.6950,3.71971454e-01,6.81446190e-02
3.7050,3.71150372e-01,6.78315674e-02
3.7150,3.70330655e-01,6.75201143e-02
3.7250,3.69512308e-01,6.72102521e-02
3.7350,3.68695334e-01,6.69019731e-02
3.7450,3.67879740e-01,6.65952694e-02
3.7550,3.67065528e-01,6.62901336e-02
3.7650,3.66252704e-01,6.59865583e-02
3.7750,3.65441271e-01,6.56845359e-02
3.7850,3.64631233e-01,6.53840583e-02
3.7950,3.63822596e-01,6.50851186e-02
3.8050,3.63015361e-01,6.47877091e-02
3.8150,3.62209533e-01,6.44918221e-02
3.8250,3.61405114e-01,6.41974501e-02
3.8350,3.60602109e-01,6.39045855e-02
3.8450,3.59800520e-01,6.36132212e-02
3.8550,3.59000352e-01,6.33233495e-02
3.8650,3.58201607e-01,6.30349629e-02
3.8750,3.57404286e-01,6.27480539e-02
3.8850,3.56608395e-01,6.24626151e-02
3.8950,3.55813934e-01,6.21786394e-02
3.9050,3.55020909e-01,6.18961192e-02
3.9150,3.54229319e-01,6.16150470e-02
3.9250,3.53439168e-01,6.13354156e-02
3.9350,3.52650458e-01,6.10572178e-02
3.9450,3.51863192e-01,6.07804462e-02
3.9550,3.51077371e-01,6.05050934e-02
3.9650,3.50292997e-01,6.02311521e-02
3.9750,3.49510073e-01,5.99586154e-02
3.9850,3.48728601e-01,5.96874758e-02
3.9950,3.47948581e-01,5.94177260e-02
4.0050,3.47170017e-01,5.91493591e-02
4.0150,3.46392909e-01,5.88823680e-02
4.0250,3.45617258e-01,5.86167454e-02
4.0350,3.44843066e-01,5.83524841e-02
4.0450,3.44070336e-01,5.80895771e-02
4.0550,3.43299067e-01,5.78280175e-02
4.0650,3.42529262e-01,5.75677983e-02
4.0750,3.41760921e-01,5.73089122e-02
4.0850,3.40994045e-01,5.70513523e-02
4.0950,3.40228636e-01,5.67951117e-02
4.1050,3.39464695e-01,5.65401837e-02
4.1150,3.38702221e-01,5.62865610e-02
4.1250,3.37941216e-01,5.60342368e-02
4.1350,3.37181681e-01,5.57832047e-02
4.1450,3.36423617e-01,5.55334575e-02
4.1550,3.35667023e-01,5.52849884e-02
4.1650,3.34911900e-01,5.50377904e-02
4.1750,3.34158249e-01,5.47918572e-02
4.1850,3.33406072e-01,5.45471821e-02
4.1950,3.32655366e-01,5.43037580e-02
4.2050,3.31906134e-01,5.40615784e-02
4.2150,3.31158375e-01,5.38206369e-02
4.2250,3.30412090e-01,5.35809268e-02
4.2350,3.29667278e-01,5.33424414e-02
4.2450,3.28923939e-01,5.31051740e-02
4.2550,3.28182074e-01,5.28691183e-02
4.2650,3.27441683e-01,5.26342679e-02
4.2750,3.26702766e-01,5.24006162e-02
4.2850,3.25965322e-01,5.21681568e-02
4.2950,3.25229351e-01,5.19368830e-02
4.3050,3.24494853e-01,5.17067888e-02
4.3150,3.23761828e-01,5.14778678e-02
4.3250,3.23030275e-01,5.12501135e-02
4.3350,3.22300194e-01,5.10235197e-02
4.3450,3.21571585e-01,5.07980803e-02
4.3550,3.20844448e-01,5.05737888e-02
4.3650,3.20118781e-01,5.03506391e-02
4.3750,3.19394584e-01,5.01286248e-02
4.3850,3.18671856e-01,4.99077401e-02
4.3950,3.17950599e-01,4.96879788e-02
4.4050,3.17230809e-01,4.94693345e-02
4.4150,3.16512486e-01,4.92518015e-02
4.4250,3.15795631e-01,4.90353736e-02
4.4350,3.15080242e-01,4.88200449e-02
4.4450,3.14366318e-01,4.86058093e-02
4.4550,3.13653859e-01,4.83926607e-02
4.4650,3.12942863e-01,4.81805935e-02
4.4750,3.12233330e-01,4.79696017e-02
4.4850,3.11525259e-01,4.77596794e-02
4.4950,3.10818649e-01,4.75508207e-02
4.5050,3.10113497e-01,4.73430198e-02
4.5150,3.09409805e-01,4.71362710e-02
4.5250,3.08707571e-01,4.69305686e-02
4.5350,3.08006794e-01,4.67259066e-02
4.5450,3.07307472e-01,4.65222796e-02
4.5550,3.06609604e-01,4.63196820e-02
4.5650,3.05913189e-01,4.61181080e-02
4.5750,3.05218226e-01,4.59175519e-02
4.5850,3.04524713e-01,4.57180081e-02
4.5950,3.03832650e-01,4.55194713e-02
4.6050,3.03142035e-01,4.53219359e-02
4.6150,3.02452867e-01,4.51253963e-02
4.6250,3.01765143e-01,4.49298470e-02
4.6350,3.01078865e-01,4.47352828e-02
4.6450,3.00394029e-01,4.45416982e-02
4.6550,2.99710633e-01,4.43490877e-02
4.6650,2.99028678e-01,4.41574458e-02
4.6750,2.98348160e-01,4.39667676e-02
4.6850,2.97669079e-01,4.37770475e-02
4.6950,2.96991434e-01,4.35882803e-02
4.7050,2.96315222e-01,4.34004608e-02
4.7150,2.95640442e-01,4.32135838e-02
4.7250,2.94967093e-01,4.30276441e-02
4.7350,2.94295173e-01,4.28426364e-02
4.7450,2.93624679e-01,4.26585557e-02
4.7550,2.92955612e-01,4.24753969e-02
4.7650,2.92287969e-01,4.22931550e-02
4.7750,2.91621748e-01,4.21118249e-02
4.7850,2.90956947e-01,4.19314013e-02
4.7950,2.90293565e-01,4.17518794e-02
4.8050,2.89631600e-01,4.15732544e-02
4.8150,2.88971051e-01,4.13955213e-02
4.8250,2.88311914e-01,4.12186749e-02
4.8350,2.87654190e-01,4.10427107e-02
4.8450,2.86997877e-01,4.08676236e-02
4.8550,2.86342972e-01,4.06934088e-02
4.8650,2.85689472e-01,4.05200615e-02
4.8750,2.85037377e-01,4.03475769e-02
4.8850,2.84386685e-01,4.01759503e-02
4.8950,2.83737393e-01,4.00051769e-02
4.9050,2.83089500e-01,3.98352520e-02
4.9150,2.82443004e-01,3.96661709e-02
4.9250,2.81797904e-01,3.94979292e-02
4.9350,2.81154196e-01,3.93305220e-02
4.9450,2.80511879e-01,3.91639448e-02
4.9550,2.79870952e-01,3.89981928e-02
4.9650,2.79231412e-01,3.88332617e-02
4.9750,2.78593257e-01,3.86691470e-02
4.9850,2.77956486e-01,3.85058441e-02
4.9950,2.77321095e-01,3.83433485e-02
5.0050,2.76687082e-01,3.81816557e-02
5.0150,2.76054448e-01,3.80207614e-02
5.0250,2.75423188e-01,3.78606612e-02
5.0350,2.74793302e-01,3.77013507e-02
5.0450,2.74164787e-01,3.75428256e-02
5.0550,2.73537641e-01,3.73850814e-02
5.0650,2.72911861e-01,3.72281139e-02
5.0750,2.72287445e-01,3.70719188e-02
5.0850,2.71664393e-01,3.69164918e-02
5.0950,2.71042701e-01,3.67618288e-02
5.1050,2.70422367e-01,3.66079255e-02
5.1150,2.69803390e-01,3.64547777e-02
5.1250,2.69185766e-01,3.63023813e-02
5.1350,2.68569494e-01,3.61507321e-02
5.1450,2.67954572e-01,3.59998261e-02
5.1550,2.67340998e-01,3.58496591e-02
5.1650,2.66728769e-01,3.57002271e-02
5.1750,2.66117884e-01,3.55515261e-02
5.1850,2.65508339e-01,3.54035519e-02
5.1950,2.64900133e-01,3.52563005e-02
5.2050,2.64293263e-01,3.51097681e-02
5.2150,2.63687729e-01,3.49639507e-02
5.2250,2.63083526e-01,3.48188444e-02
5.2350,2.62480653e-01,3.46744452e-02
5.2450,2.61879108e-01,3.45307492e-02
5.2550,2.61278889e-01,3.43877526e-02
5.2650,2.60679993e-01,3.42454516e-02
5.2750,2.60082418e-01,3.41038424e-02
5.2850,2.59486161e-01,3.39629210e-02
5.2950,2.58891222e-01,3.38226839e-02
5.3050,2.58297596e-01,3.36831271e-02
5.3150,2.57705282e-01,3.35442471e-02
5.3250,2.57114278e-01,3.34060399e-02
5.3350,2.56524582e-01,3.32685021e-02
5.3450,2.55936190e-01,3.31316299e-02
5.3550,2.55349102e-01,3.29954196e-02
5.3650,2.54763314e-01,3.28598677e-02
5.3750,2.54178824e-01,3.27249704e-02
5.3850,2.53595630e-01,3.25907244e-02
5.3950,2.53013730e-01,3.24571259e-02
5.4050,2.52433121e-01,3.23241714e-02
5.4150,2.51853801e-01,3.21918575e-02
5.4250,2.51275768e-01,3.20601806e-02
5.4350,2.50699019e-01,3.19291373e-02
5.4450,2.50123553e-01,3.17987240e-02
5.4550,2.49549366e-01,3.16689375e-02
5.4650,2.48976456e-01,3.15397741e-02
5.4750,2.48404822e-01,3.14112304e-02
5.4850,2.47834460e-01,3.12833032e-02
5.4950,2.47265369e-01,3.11559891e-02
5.5050,2.46697546e-01,3.10292847e-02
5.5150,2.46130989e-01,3.09031867e-02
5.5250,2.45565695e-01,3.07776918e-02
5.5350,2.45001661e-01,3.06527967e-02
5.5450,2.44438887e-01,3.05284981e-02
5.5550,2.43877369e-01,3.04047929e-02
5.5650,2.43317105e-01,3.02816777e-02
5.5750,2.42758093e-01,3.01591494e-02
5.5850,2.42200331e-01,3.00372048e-02
5.5950,2.41643815e-01,2.99158407e-02
5.6050,2.41088543e-01,2.97950539e-02
5.6150,2.40534514e-01,2.96748413e-02
5.6250,2.39981724e-01,2.95551999e-02
5.6350,2.39430172e-01,2.94361263e-02
5.6450,2.38879856e-01,2.93176177e-02
5.6550,2.38330772e-01,2.91996710e-02
5.6650,2.37782918e-01,2.90822831e-02
5.6750,2.37236292e-01,2.89654509e-02
5.6850,2.36690892e-01,2.88491716e-02
5.6950,2.36146715e-01,2.87334420e-02
5.7050,2.35603760e-01,2.86182592e-02
5.7150,2.35062023e-01,2.85036202e-02
5.7250,2.34521502e-01,2.83895222e-02
5.7350,2.33982196e-01,2.82759622e-02
5.7450,2.33444101e-01,2.81629373e-02
5.7550,2.32907214e-01,2.80504445e-02
5.7650,2.32371535e-01,2.79384811e-02
5.7750,2.31837059e-01,2.78270441e-02
5.7850,2.31303786e-01,2.77161307e-02
5.7950,2.30771712e-01,2.76057381e-02
5.8050,2.30240836e-01,2.74958635e-02
5.8150,2.29711155e-01,2.73865042e-02
5.8250,2.29182666e-01,2.72776573e-02
5.8350,2.28655367e-01,2.71693201e-02
5.8450,2.28129256e-01,2.70614898e-02
5.8550,2.27604331e-01,2.69541638e-02
5.8650,2.27080588e-01,2.68473392e-02
5.8750,2.26558027e-01,2.67410134e-02
5.8850,2.26036643e-01,2.66351838e-02
5.8950,2.25516436e-01,2.65298477e-02
5.9050,2.24997403e-01,2.64250024e-02
5.9150,2.24479540e-01,2.63206453e-02
5.9250,2.23962846e-01,2.62167738e-02
5.9350,2.23447319e-01,2.61133853e-02
5.9450,2.22932956e-01,2.60104772e-02
5.9550,2.22419755e-01,2.59080469e-02
5.9650,2.21907714e-01,2.58060919e-02
5.9750,2.21396830e-01,2.57046096e-02
5.9850,2.20887100e-01,2.56035976e-02
5.9950,2.20378523e-01,2.55030533e-02
6.0050,2.19871096e-01,2.54029742e-02
6.0150,2.19364816e-01,2.53033578e-02
6.0250,2.18859682e-01,2.52042017e-02
6.0350,2.18355691e-01,2.51055034e-02
6.0450,2.17852841e-01,2.50072605e-02
6.0550,2.17351130e-01,2.49094705e-02
6.0650,2.16850554e-01,2.48121311e-02
6.0750,2.16351112e-01,2.47152398e-02
6.0850,2.15852801e-01,2.46187943e-02
6.0950,2.15355618e-01,2.45227922e-02
6.1050,2.14859563e-01,2.44272311e-02
6.1150,2.14364632e-01,2.43321087e-02
6.1250,2.13870823e-01,2.42374228e-02
6.1350,2.13378134e-01,2.41431709e-02
6.1450,2.12886562e-01,2.40493508e-02
6.1550,2.12396106e-01,2.39559602e-02
6.1650,2.11906762e-01,2.38629969e-02
6.1750,2.11418528e-01,2.37704585e-02
6.1850,2.10931402e-01,2.36783428e-02
6.1950,2.10445382e-01,2.35866475e-02
6.2050,2.09960466e-01,2.34953705e-02
6.2150,2.09476650e-01,2.34045095e-02
6.2250,2.08993934e-01,2.33140625e-02
6.2350,2.08512314e-01,2.32240271e-02
6.2450,2.08031788e-01,2.31344013e-02
6.2550,2.07552355e-01,2.30451828e-02
6.2650,2.07074011e-01,2.29563696e-02
6.2750,2.06596754e-01,2.28679594e-02
6.2850,2.06120583e-01,2.27799502e-02
6.2950,2.05645494e-01,2.26923398e-02
6.3050,2.05171485e-01,2.26051262e-02
6.3150,2.04698555e-01,2.25183073e-02
6.3250,2.04226700e-01,2.24318810e-02
6.3350,2.03755920e-01,2.23458453e-02
6.3450,2.03286211e-01,2.22601980e-02
6.3550,2.02817571e-01,2.21749373e-02
6.3650,2.02349998e-01,2.20900610e-02
6.3750,2.01883489e-01,2.20055672e-02
6.3850,2.01418042e-01,2.19214538e-02
6.3950,2.00953655e-01,2.18377189e-02
6.4050,2.00490326e-01,2.17543605e-02
6.4150,2.00028053e-01,2.16713766e-02
6.4250,1.99566833e-01,2.15887653e-02
6.4350,1.99106664e-01,2.15065247e-02
6.4450,1.98647543e-01,2.14246528e-02
6.4550,1.98189470e-01,2.13431476e-02
6.4650,1.97732440e-01,2.12620073e-02
6.4750,1.97276452e-01,2.11812300e-02
6.4850,1.96821504e-01,2.11008138e-02
6.4950,1.96367594e-01,2.10207568e-02
6.5050,1.95914719e-01,2.09410572e-02
6.5150,1.95462878e-01,2.08617131e-02
6.5250,1.95012067e-01,2.07827227e-02
6.5350,1.94562285e-01,2.07040841e-02
6.5450,1.94113529e-01,2.06257955e-02
6.5550,1.93665798e-01,2.05478552e-02
6.5650,1.93219088e-01,2.04702613e-02
6.5750,1.92773399e-01,2.03930120e-02
6.5850,1.92328727e-01,2.03161055e-02
6.5950,1.91885070e-01,2.02395400e-02
6.6050,1.91442426e-01,2.01633139e-02
6.6150,1.91000794e-01,2.00874253e-02
6.6250,1.90560170e-01,2.00118726e-02
6.6350,1.90120552e-01,1.99366539e-02
6.6450,1.89681940e-01,1.98617677e-02
6.6550,1.89244330e-01,1.97872121e-02
6.6650,1.88807719e-01,1.97129855e-02
6.6750,1.88372107e-01,1.96390861e-02
6.6850,1.87937491e-01,1.95655124e-02
6.6950,1.87503868e-01,1.94922626e-02
6.7050,1.87071236e-01,1.94193351e-02
6.7150,1.86639594e-01,1.93467282e-02
6.7250,1.86208939e-01,1.92744403e-02
6.7350,1.85779268e-01,1.92024698e-02
6.7450,1.85350580e-01,1.91308150e-02
6.7550,1.84922874e-01,1.90594743e-02
6.7650,1.84496145e-01,1.89884461e-02
6.7750,1.84070393e-01,1.89177288e-02
6.7850,1.83645616e-01,1.88473208e-02
6.7950,1.83221810e-01,1.87772206e-02
6.8050,1.82798974e-01,1.87074266e-02
6.8150,1.82377106e-01,1.86379373e-02
6.8250,1.81956204e-01,1.85687511e-02
6.8350,1.81536265e-01,1.84998664e-02
6.8450,1.81117288e-01,1.84312817e-02
6.8550,1.80699271e-01,1.83629954e-02
6.8650,1.80282210e-01,1.82950062e-02
6.8750,1.79866105e-01,1.82273124e-02
6.8850,1.79450953e-01,1.81599126e-02
6.8950,1.79036752e-01,1.80928053e-02
6.9050,1.78623499e-01,1.80259891e-02
6.9150,1.78211193e-01,1.79594623e-02
6.9250,1.77799831e-01,1.78932236e-02
6.9350,1.77389413e-01,1.78272716e-02
6.9450,1.76979935e-01,1.77616047e-02
6.9550,1.76571396e-01,1.76962215e-02
6.9650,1.76163793e-01,1.76311206e-02
6.9750,1.75757124e-01,1.75663007e-02
6.9850,1.75351387e-01,1.75017602e-02
6.9950,1.74946580e-01,1.74374978e-02
7.0050,1.74542702e-01,1.73735121e-02
7.0150,1.74139750e-01,1.73098016e-02
7.0250,1.73737722e-01,1.72463650e-02
7.0350,1.73336616e-01,1.71832010e-02
7.0450,1.72936429e-01,1.71203081e-02
7.0550,1.72537161e-01,1.70576850e-02
7.0650,1.72138808e-01,1.69953303e-02
7.0750,1.71741369e-01,1.69332427e-02
7.0850,1.71344841e-01,1.68714209e-02
7.0950,1.70949224e-01,1.68098635e-02
7.1050,1.70554514e-01,1.67485693e-02
7.1150,1.70160711e-01,1.66875369e-02
7.1250,1.69767811e-01,1.66267650e-02
7.1350,1.69375812e-01,1.65662523e-02
7.1450,1.68984713e-01,1.65059975e-02
7.1550,1.68594512e-01,1.64459994e-02
7.1650,1.68205207e-01,1.63862565e-02
7.1750,1.67816795e-01,1.63267678e-02
7.1850,1.67429275e-01,1.62675318e-02
7.1950,1.67042645e-01,1.62085475e-02
7.2050,1.66656902e-01,1.61498135e-02
7.2150,1.66272045e-01,1.60913285e-02
7.2250,1.65888072e-01,1.60330914e-02
7.2350,1.65504980e-01,1.59751010e-02
7.2450,1.65122769e-01,1.59173559e-02
7.2550,1.64741435e-01,1.58598550e-02
7.2650,1.64360977e-01,1.58025971e-02
7.2750,1.63981394e-01,1.57455810e-02
7.2850,1.63602682e-01,1.56888055e-02
7.2950,1.63224841e-01,1.56322693e-02
7.3050,1.62847867e-01,1.55759714e-02
7.3150,1.62471760e-01,1.55199105e-02
7.3250,1.62096517e-01,1.54640855e-02
7.3350,1.61722136e-01,1.54084953e-02
7.3450,1.61348615e-01,1.53531386e-02
7.3550,1.60975952e-01,1.52980143e-02
7.3650,1.60604147e-01,1.52431213e-02
7.3750,1.60233195e-01,1.51884584e-02
7.3850,1.59863097e-01,1.51340246e-02
7.3950,1.59493849e-01,1.50798187e-02
7.4050,1.59125450e-01,1.50258396e-02
7.4150,1.58757898e-01,1.49720862e-02
7.4250,1.58391191e-01,1.49185573e-02
7.4350,1.58025327e-01,1.48652519e-02
7.4450,1.57660304e-01,1.48121689e-02
7.4550,1.57296121e-01,1.47593072e-02
7.4650,1.56932775e-01,1.47066657e-02
7.4750,1.56570265e-01,1.46542433e-02
7.4850,1.56208589e-01,1.46020391e-02
7.4950,1.55847744e-01,1.45500518e-02
7.5050,1.55487729e-01,1.44982805e-02
7.5150,1.55128542e-01,1.44467242e-02
7.5250,1.54770181e-01,1.43953817e-02
7.5350,1.54412645e-01,1.43442521e-02
7.5450,1.54055932e-01,1.42933343e-02
7.5550,1.53700039e-01,1.42426272e-02
7.5650,1.53344965e-01,1.41921299e-02
7.5750,1.52990708e-01,1.41418414e-02
7.5850,1.52637266e-01,1.40917606e-02
7.5950,1.52284637e-01,1.40418866e-02
7.6050,1.51932819e-01,1.39922183e-02
7.6150,1.51581811e-01,1.39427547e-02
7.6250,1.51231611e-01,1.38934949e-02
7.6350,1.50882217e-01,1.38444378e-02
7.6450,1.50533627e-01,1.37955826e-02
7.6550,1.50185839e-01,1.37469282e-02
7.6650,1.49838851e-01,1.36984736e-02
7.6750,1.49492663e-01,1.36502180e-02
7.6850,1.49147271e-01,1.36021604e-02
7.6950,1.48802675e-01,1.35542997e-02
7.7050,1.48458872e-01,1.35066351e-02
7.7150,1.48115860e-01,1.34591656e-02
7.7250,1.47773638e-01,1.34118902e-02
7.7350,1.47432204e-01,1.33648081e-02
7.7450,1.47091556e-01,1.33179184e-02
7.7550,1.46751692e-01,1.32712200e-02
7.7650,1.46412611e-01,1.32247122e-02
7.7750,1.46074310e-01,1.31783940e-02
7.7850,1.45736789e-01,1.31322644e-02
7.7950,1.45400045e-01,1.30863227e-02
7.8050,1.45064077e-01,1.30405678e-02
7.8150,1.44728883e-01,1.29949990e-02
7.8250,1.44394460e-01,1.29496152e-02
7.8350,1.44060808e-01,1.29044157e-02
7.8450,1.43727924e-01,1.28593995e-02
7.8550,1.43395807e-01,1.28145659e-02
7.8650,1.43064455e-01,1.27699138e-02
7.8750,1.42733866e-01,1.27254426e-02
7.8850,1.42404039e-01,1.26811512e-02
7.8950,1.42074971e-01,1.26370390e-02
7.9050,1.41746662e-01,1.25931049e-02
7.9150,1.41419109e-01,1.25493483e-02
7.9250,1.41092310e-01,1.25057681e-02
7.9350,1.40766265e-01,1.24623637e-02
7.9450,1.40440971e-01,1.24191342e-02
7.9550,1.40116426e-01,1.23760787e-02
7.9650,1.39792630e-01,1.23331964e-02
7.9750,1.39469579e-01,1.22904865e-02
7.9850,1.39147273e-01,1.22479483e-02
7.9950,1.38825710e-01,1.22055808e-02
8.0050,1.38504888e-01,1.21633834e-02
8.0150,1.38184805e-01,1.21213552e-02
8.0250,1.37865459e-01,1.20794954e-02
8.0350,1.37546850e-01,1.20378032e-02
8.0450,1.37228975e-01,1.19962778e-02
8.0550,1.36911833e-01,1.19549185e-02
8.0650,1.36595422e-01,1.19137245e-02
8.0750,1.36279740e-01,1.18726949e-02
8.0850,1.35964786e-01,1.18318292e-02
8.0950,1.35650558e-01,1.17911263e-02
8.1050,1.35337054e-01,1.17505858e-02
8.1150,1.35024273e-01,1.17102066e-02
8.1250,1.34712213e-01,1.16699882e-02
8.1350,1.34400872e-01,1.16299297e-02
8.1450,1.34090249e-01,1.15900305e-02
8.1550,1.33780343e-01,1.15502897e-02
8.1650,1.33471151e-01,1.15107067e-02
8.1750,1.33162672e-01,1.14712807e-02
8.1850,1.32854904e-01,1.14320110e-02
8.1950,1.32547845e-01,1.13928968e-02
8.2050,1.32241495e-01,1.13539375e-02
8.2150,1.31935851e-01,1.13151322e-02
8.2250,1.31630912e-01,1.12764804e-02
8.2350,1.31326677e-01,1.12379813e-02
8.2450,1.31023143e-01,1.11996342e-02
8.2550,1.30720309e-01,1.11614384e-02
8.2650,1.30418173e-01,1.11233932e-02
8.2750,1.30116734e-01,1.10854979e-02
8.2850,1.29815990e-01,1.10477518e-02
8.2950,1.29515940e-01,1.10101542e-02
8.3050,1.29216581e-01,1.09727045e-02
8.3150,1.28917913e-01,1.09354019e-02
8.3250,1.28619935e-01,1.08982459e-02
8.3350,1.28322643e-01,1.08612356e-02
8.3450,1.28026038e-01,1.08243705e-02
8.3550,1.27730116e-01,1.07876498e-02
8.3650,1.27434878e-01,1.07510730e-02
8.3750,1.27140320e-01,1.07146394e-02
8.3850,1.26846442e-01,1.06783483e-02
8.3950,1.26553241e-01,1.06421990e-02
8.4050,1.26260717e-01,1.06061910e-02
8.4150,1.25968868e-01,1.05703235e-02
8.4250,1.25677692e-01,1.05345959e-02
8.4350,1.25387188e-01,1.04990077e-02
8.4450,1.25097354e-01,1.04635580e-02
8.4550,1.24808189e-01,1.04282465e-02
8.4650,1.24519691e-01,1.03930723e-02
8.4750,1.24231859e-01,1.03580349e-02
8.4850,1.23944691e-01,1.03231336e-02
8.4950,1.23658185e-01,1.02883679e-02
8.5050,1.23372340e-01,1.02537371e-02
8.5150,1.23087155e-01,1.02192406e-02
8.5250,1.22802629e-01,1.01848777e-02
8.5350,1.22518758e-01,1.01506480e-02
8.5450,1.22235543e-01,1.01165508e-02
8.5550,1.21952982e-01,1.00825855e-02
8.5650,1.21671072e-01,1.00487515e-02
8.5750,1.21389813e-01,1.00150482e-02
8.5850,1.21109204e-01,9.98147503e-03
8.5950,1.20829241e-01,9.94803136e-03
8.6050,1.20549925e-01,9.91471665e-03
8.6150,1.20271253e-01,9.88153032e-03
8.6250,1.19993225e-01,9.84847178e-03
8.6350,1.19715838e-01,9.81554045e-03
8.6450,1.19439092e-01,9.78273577e-03
8.6550,1.19162984e-01,9.75005717e-03
8.6650,1.18887513e-01,9.71750409e-03
8.6750,1.18612679e-01,9.68507597e-03
8.6850,1.18338478e-01,9.65277224e-03
8.6950,1.18064911e-01,9.62059234e-03
8.7050,1.17791975e-01,9.58853572e-03
8.7150,1.17519669e-01,9.55660182e-03
8.7250,1.17247992e-01,9.52479011e-03
8.7350,1.16976942e-01,9.49310004e-03
8.7450,1.16706517e-01,9.46153107e-03
8.7550,1.16436717e-01,9.43008265e-03
8.7650,1.16167540e-01,9.39875426e-03
8.7750,1.15898984e-01,9.36754534e-03
8.7850,1.15631048e-01,9.33645539e-03
8.7950,1.15363730e-01,9.30548388e-03
8.8050,1.15097030e-01,9.27463026e-03
8.8150,1.14830945e-01,9.24389402e-03
8.8250,1.14565475e-01,9.21327464e-03
8.8350,1.14300617e-01,9.18277158e-03
8.8450,1.14036371e-01,9.15238435e-03
8.8550,1.13772736e-01,9.12211243e-03
8.8650,1.13509709e-01,9.09195532e-03
8.8750,1.13247289e-01,9.06191250e-03
8.8850,1.12985475e-01,9.03198348e-03
8.8950,1.12724265e-01,9.00216774e-03
8.9050,1.12463659e-01,8.97246479e-03
8.9150,1.12203655e-01,8.94287414e-03
8.9250,1.11944251e-01,8.91339529e-03
8.9350,1.11685446e-01,8.88402774e-03
8.9450,1.11427238e-01,8.85477101e-03
8.9550,1.11169627e-01,8.82562461e-03
8.9650,1.10912610e-01,8.79658804e-03
8.9750,1.10656186e-01,8.76766084e-03
8.9850,1.10400355e-01,8.73884252e-03
8.9950,1.10145115e-01,8.71013261e-03
9.0050,1.09890465e-01,8.68153064e-03
9.0150,1.09636402e-01,8.65303612e-03
9.0250,1.09382927e-01,8.62464859e-03
9.0350,1.09130036e-01,8.59636759e-03
9.0450,1.08877729e-01,8.56819264e-03
9.0550,1.08626005e-01,8.54012329e-03
9.0650,1.08374863e-01,8.51215907e-03
9.0750,1.08124300e-01,8.48429953e-03
9.0850,1.07874316e-01,8.45654421e-03
9.0950,1.07624910e-01,8.42889266e-03
9.1050,1.07376080e-01,8.40134443e-03
9.1150,1.07127824e-01,8.37389906e-03
9.1250,1.06880141e-01,8.34655611e-03
9.1350,1.06633031e-01,8.31931512e-03
9.1450,1.06386491e-01,8.29217567e-03
9.1550,1.06140521e-01,8.26513732e-03
9.1650,1.05895119e-01,8.23819962e-03
9.1750,1.05650284e-01,8.21136213e-03
9.1850,1.05406015e-01,8.18462444e-03
9.1950,1.05162309e-01,8.15798610e-03
9.2050,1.04919166e-01,8.13144669e-03
9.2150,1.04676585e-01,8.10500578e-03
9.2250,1.04434564e-01,8.07866295e-03
9.2350,1.04193103e-01,8.05241777e-03
9.2450,1.03952199e-01,8.02626981e-03
9.2550,1.03711851e-01,8.00021866e-03
9.2650,1.03472059e-01,7.97426391e-03
9.2750,1.03232821e-01,7.94840514e-03
9.2850,1.02994135e-01,7.92264194e-03
9.2950,1.02756001e-01,7.89697390e-03
9.3050,1.02518416e-01,7.87140061e-03
9.3150,1.02281381e-01,7.84592167e-03
9.3250,1.02044893e-01,7.82053666e-03
9.3350,1.01808952e-01,7.79524519e-03
9.3450,1.01573555e-01,7.77004686e-03
9.3550,1.01338703e-01,7.74494127e-03
9.3650,1.01104392e-01,7.71992803e-03
9.3750,1.00870624e-01,7.69500674e-03
9.3850,1.00637395e-01,7.67017701e-03
9.3950,1.00404705e-01,7.64543845e-03
9.4050,1.00172552e-01,7.62079065e-03
9.4150,9.99409362e-02,7.59623325e-03
9.4250,9.97098553e-02,7.57176586e-03
9.4350,9.94793082e-02,7.54738809e-03
9.4450,9.92492938e-02,7.52309956e-03
9.4550,9.90198107e-02,7.49889990e-03
9.4650,9.87908578e-02,7.47478873e-03
9.4750,9.85624339e-02,7.45076567e-03
9.4850,9.83345378e-02,7.42683035e-03
9.4950,9.81071683e-02,7.40298240e-03
9.5050,9.78803241e-02,7.37922145e-03
9.5150,9.76540040e-02,7.35554713e-03
9.5250,9.74282068e-02,7.33195907e-03
9.5350,9.72029313e-02,7.30845691e-03
9.5450,9.69781763e-02,7.28504029e-03
9.5550,9.67539406e-02,7.26170884e-03
9.5650,9.65302230e-02,7.23846221e-03
9.5750,9.63070223e-02,7.21530004e-03
9.5850,9.60843373e-02,7.19222197e-03
9.5950,9.58621668e-02,7.16922765e-03
9.6050,9.56405098e-02,7.14631673e-03
9.6150,9.54193649e-02,7.12348886e-03
9.6250,9.51987310e-02,7.10074370e-03
9.6350,9.49786070e-02,7.07808089e-03
9.6450,9.47589916e-02,7.05550009e-03
9.6550,9.45398837e-02,7.03300094e-03
9.6650,9.43212820e-02,7.01058312e-03
9.6750,9.41031854e-02,6.98824627e-03
9.6850,9.38855928e-02,6.96599007e-03
9.6950,9.36685030e-02,6.94381418e-03
9.7050,9.34519148e-02,6.92171825e-03
9.7150,9.32358272e-02,6.89970197e-03
9.7250,9.30202389e-02,6.87776499e-03
9.7350,9.28051488e-02,6.85590698e-03
9.7450,9.25905557e-02,6.83412762e-03
9.7550,9.23764586e-02,6.81242658e-03
9.7650,9.21628562e-02,6.79080353e-03
9.7750,9.19497474e-02,6.76925815e-03
9.7850,9.17371312e-02,6.74779012e-03
9.7950,9.15250063e-02,6.72639912e-03
9.8050,9.13133716e-02,6.70508482e-03
9.8150,9.11022259e-02,6.68384690e-03
9.8250,9.08915682e-02,6.66268505e-03
9.8350,9.06813973e-02,6.64159896e-03
9.8450,9.04717121e-02,6.62058831e-03
9.8550,9.02625114e-02,6.59965279e-03
9.8650,9.00537943e-02,6.57879209e-03
9.8750,8.98455595e-02,6.55800590e-03
9.8850,8.96378059e-02,6.53729391e-03
9.8950,8.94305325e-02,6.51665582e-03
9.9050,8.92237382e-02,6.49609133e-03
9.9150,8.90174217e-02,6.47560013e-03
9.9250,8.88115822e-02,6.45518193e-03
9.9350,8.86062183e-02,6.43483641e-03
9.9450,8.84013290e-02,6.41456327e-03
9.9550,8.81969133e-02,6.39436223e-03
9.9650,8.79929700e-02,6.37423298e-03
9.9750,8.77894980e-02,6.35417523e-03
9.9850,8.75864963e-02,6.33418868e-03
9.9950,8.73839638e-02,6.31427306e-03
10.0050,8.71818994e-02,6.29442806e-03
10.0150,8.69803019e-02,6.27465340e-03
10.0250,8.67791705e-02,6.25494879e-03
10.0350,8.65785038e-02,6.23531394e-03
10.0450,8.63783010e-02,6.21574858e-03
10.0550,8.61785609e-02,6.19625241e-03
10.0650,8.59792825e-02,6.17682516e-03
10.0750,8.57804647e-02,6.15746653e-03
10.0850,8.55821064e-02,6.13817626e-03
10.0950,8.53842066e-02,6.11895406e-03
10.1050,8.51867642e-02,6.09979966e-03
10.1150,8.49897781e-02,6.08071279e-03
10.1250,8.47932474e-02,6.06169316e-03
10.1350,8.45971709e-02,6.04274050e-03
10.1450,8.44015476e-02,6.02385455e-03
10.1550,8.42063764e-02,6.00503502e-03
10.1650,8.40116564e-02,5.98628166e-03
10.1750,8.38173864e-02,5.96759420e-03
10.1850,8.36235655e-02,5.94897237e-03
10.1950,8.34301926e-02,5.93041590e-03
10.2050,8.32372667e-02,5.91192452e-03
10.2150,8.30447867e-02,5.89349799e-03
10.2250,8.28527517e-02,5.87513603e-03
10.2350,8.26611605e-02,5.85683838e-03
10.2450,8.24700122e-02,5.83860480e-03
10.2550,8.22793057e-02,5.82043500e-03
10.2650,8.20890401e-02,5.80232875e-03
10.2750,8.18992142e-02,5.78428577e-03
10.2850,8.17098271e-02,5.76630582e-03
10.2950,8.15208778e-02,5.74838866e-03
10.3050,8.13323652e-02,5.73053401e-03
10.3150,8.11442884e-02,5.71274165e-03
10.3250,8.09566464e-02,5.69501130e-03
10.3350,8.07694381e-02,5.67734273e-03
10.3450,8.05826626e-02,5.65973569e-03
10.3550,8.03963189e-02,5.64218993e-03
10.3650,8.02104058e-02,5.62470521e-03
10.3750,8.00249226e-02,5.60728128e-03
10.3850,7.98398681e-02,5.58991790e-03
10.3950,7.96552413e-02,5.57261482e-03
10.4050,7.94710414e-02,5.55537181e-03
10.4150,7.92872672e-02,5.53818862e-03
10.4250,7.91039178e-02,5.52106502e-03
10.4350,7.89209923e-02,5.50400078e-03
10.4450,7.87384897e-02,5.48699565e-03
10.4550,7.85564089e-02,5.47004940e-03
10.4650,7.83747491e-02,5.45316180e-03
10.4750,7.81935093e-02,5.43633261e-03
10.4850,7.80126884e-02,5.41956161e-03
10.4950,7.78322855e-02,5.40284855e-03
10.5050,7.76522997e-02,5.38619322e-03
10.5150,7.74727299e-02,5.36959537e-03
10.5250,7.72935753e-02,5.35305479e-03
10.5350,7.71148348e-02,5.33657124e-03
10.5450,7.69365075e-02,5.32014450e-03
10.5550,7.67585924e-02,5.30377435e-03
10.5650,7.65810887e-02,5.28746056e-03
10.5750,7.64039953e-02,5.27120292e-03
10.5850,7.62273113e-02,5.25500119e-03
10.5950,7.60510357e-02,5.23885516e-03
10.6050,7.58751677e-02,5.22276462e-03
10.6150,7.56997063e-02,5.20672933e-03
10.6250,7.55246505e-02,5.19074909e-03
10.6350,7.53499993e-02,5.17482368e-03
10.6450,7.51757520e-02,5.15895288e-03
10.6550,7.50019074e-02,5.14313647e-03
10.6650,7.48284648e-02,5.12737424e-03
10.6750,7.46554231e-02,5.11166598e-03
10.6850,7.44827815e-02,5.09601148e-03
10.6950,7.43105390e-02,5.08041054e-03
10.7050,7.41386947e-02,5.06486293e-03
10.7150,7.39672477e-02,5.04936845e-03
10.7250,7.37961970e-02,5.03392689e-03
10.7350,7.36255419e-02,5.01853804e-03
10.7450,7.34552812e-02,5.00320171e-03
10.7550,7.32854142e-02,4.98791768e-03
10.7650,7.31159399e-02,4.97268575e-03
10.7750,7.29468574e-02,4.95750572e-03
10.7850,7.27781658e-02,4.94237737e-03
10.7950,7.26098642e-02,4.92730052e-03
10.8050,7.24419517e-02,4.91227496e-03
10.8150,7.22744274e-02,4.89730050e-03
10.8250,7.21072904e-02,4.88237693e-03
10.8350,7.19405398e-02,4.86750405e-03
10.8450,7.17741747e-02,4.85268168e-03
10.8550,7.16081942e-02,4.83790960e-03
10.8650,7.14425975e-02,4.82318764e-03
10.8750,7.12773837e-02,4.80851559e-03
10.8850,7.11125518e-02,4.79389326e-03
10.8950,7.09481011e-02,4.77932046e-03
10.9050,7.07840305e-02,4.76479700e-03
10.9150,7.06203393e-02,4.75032268e-03
10.9250,7.04570266e-02,4.73589732e-03
10.9350,7.02940914e-02,4.72152073e-03
10.9450,7.01315330e-02,4.70719272e-03
10.9550,6.99693504e-02,4.69291310e-03
10.9650,6.98075427e-02,4.67868168e-03
10.9750,6.96461091e-02,4.66449828e-03
10.9850,6.94850488e-02,4.65036271e-03
10.9950,6.93243608e-02,4.63627480e-03
11.0050,6.91640444e-02,4.62223435e-03
11.0150,6.90040986e-02,4.60824118e-03
11.0250,6.88445227e-02,4.59429512e-03
11.0350,6.86853156e-02,4.58039597e-03
11.0450,6.85264767e-02,4.56654357e-03
11.0550,6.83680051e-02,4.55273773e-03
11.0650,6.82098998e-02,4.53897827e-03
11.0750,6.80521601e-02,4.52526503e-03
11.0850,6.78947851e-02,4.51159781e-03
11.0950,6.77377739e-02,4.49797644e-03
11.1050,6.75811258e-02,4.48440075e-03
11.1150,6.74248398e-02,4.47087057e-03
11.1250,6.72689152e-02,4.45738571e-03
11.1350,6.71133512e-02,4.44394601e-03
11.1450,6.69581468e-02,4.43055130e-03
11.1550,6.68033012e-02,4.41720140e-03
11.1650,6.66488137e-02,4.40389614e-03
11.1750,6.64946835e-02,4.39063535e-03
11.1850,6.63409095e-02,4.37741886e-03
11.1950,6.61874912e-02,4.36424651e-03
11.2050,6.60344275e-02,4.35111813e-03
11.2150,6.58817178e-02,4.33803355e-03
11.2250,6.57293611e-02,4.32499259e-03
11.2350,6.55773567e-02,4.31199511e-03
11.2450,6.54257037e-02,4.29904093e-03
11.2550,6.52744014e-02,4.28612988e-03
11.2650,6.51234489e-02,4.27326181e-03
11.2750,6.49728454e-02,4.26043656e-03
11.2850,6.48225902e-02,4.24765396e-03
11.2950,6.46726824e-02,4.23491384e-03
11.3050,6.45231213e-02,4.22221606e-03
11.3150,6.43739059e-02,4.20956044e-03
11.3250,6.42250356e-02,4.19694683e-03
11.3350,6.40765095e-02,4.18437508e-03
11.3450,6.39283268e-02,4.17184502e-03
11.3550,6.37804867e-02,4.15935649e-03
11.3650,6.36329885e-02,4.14690934e-03
11.3750,6.34858313e-02,4.13450341e-03
11.3850,6.33390143e-02,4.12213856e-03
11.3950,6.31925369e-02,4.10981462e-03
11.4050,6.30463981e-02,4.09753144e-03
11.4150,6.29005973e-02,4.08528887e-03
11.4250,6.27551335e-02,4.07308676e-03
11.4350,6.26100061e-02,4.06092495e-03
11.4450,6.24652143e-02,4.04880329e-03
11.4550,6.23207573e-02,4.03672164e-03
11.4650,6.21766343e-02,4.02467984e-03
11.4750,6.20328446e-02,4.01267774e-03
11.4850,6.18893873e-02,4.00071519e-03
11.4950,6.17462617e-02,3.98879205e-03
11.5050,6.16034671e-02,3.97690817e-03
11.5150,6.14610026e-02,3.96506340e-03
11.5250,6.13188676e-02,3.95325760e-03
11.5350,6.11770612e-02,3.94149062e-03
11.5450,6.10355827e-02,3.92976232e-03
11.5550,6.08944314e-02,3.91807255e-03
11.5650,6.07536064e-02,3.90642117e-03
11.5750,6.06131071e-02,3.89480804e-03
11.5850,6.04729327e-02,3.88323301e-03
11.5950,6.03330824e-02,3.87169594e-03
11.6050,6.01935554e-02,3.86019670e-03
11.6150,6.00543511e-02,3.84873514e-03
11.6250,5.99154687e-02,3.83731112e-03
11.6350,5.97769074e-02,3.82592450e-03
11.6450,5.96386666e-02,3.81457515e-03
11.6550,5.95007453e-02,3.80326292e-03
11.6650,5.93631430e-02,3.79198768e-03
11.6750,5.92258589e-02,3.78074928e-03
11.6850,5.90888922e-02,3.76954760e-03
11.6950,5.89522422e-02,3.75838250e-03
11.7050,5.88159081e-02,3.74725385e-03
11.7150,5.86798894e-02,3.73616150e-03
11.7250,5.85441851e-02,3.72510533e-03
11.7350,5.84087947e-02,3.71408520e-03
11.7450,5.82737173e-02,3.70310099e-03
11.7550,5.81389523e-02,3.69215255e-03
11.7650,5.80044989e-02,3.68123975e-03
11.7750,5.78703564e-02,3.67036248e-03
11.7850,5.77365241e-02,3.65952058e-03
11.7950,5.76030012e-02,3.64871394e-03
11.8050,5.74697871e-02,3.63794241e-03
11.8150,5.73368811e-02,3.62720588e-03
11.8250,5.72042823e-02,3.61650422e-03
11.8350,5.70719902e-02,3.60583730e-03
11.8450,5.69400040e-02,3.59520499e-03
11.8550,5.68083230e-02,3.58460716e-03
11.8650,5.66769465e-02,3.57404369e-03
11.8750,5.65458738e-02,3.56351445e-03
11.8850,5.64151042e-02,3.55301932e-03
11.8950,5.62846370e-02,3.54255817e-03
11.9050,5.61544714e-02,3.53213088e-03
11.9150,5.60246069e-02,3.52173733e-03
11.9250,5.58950426e-02,3.51137738e-03
11.9350,5.57657780e-02,3.50105092e-03
11.9450,5.56368123e-02,3.49075783e-03
11.9550,5.55081447e-02,3.48049799e-03
11.9650,5.53797747e-02,3.47027126e-03
11.9750,5.52517016e-02,3.46007755e-03
11.9850,5.51239246e-02,3.44991671e-03
11.9950,5.49964431e-02,3.43978864e-03
12.0050,5.48692564e-02,3.42969321e-03
12.0150,5.47423638e-02,3.41963031e-03
12.0250,5.46157646e-02,3.40959982e-03
12.0350,5.44894582e-02,3.39960162e-03
12.0450,5.43634439e-02,3.38963559e-03
12.0550,5.42377209e-02,3.37970161e-03
12.0650,5.41122886e-02,3.36979958e-03
12.0750,5.39871464e-02,3.35992936e-03
12.0850,5.38622936e-02,3.35009086e-03
12.0950,5.37377295e-02,3.34028396e-03
12.1050,5.36134534e-02,3.33050853e-03
12.1150,5.34894647e-02,3.32076447e-03
12.1250,5.33657628e-02,3.31105167e-03
12.1350,5.32423469e-02,3.30137000e-03
12.1450,5.31192164e-02,3.29171937e-03
12.1550,5.29963706e-02,3.28209965e-03
12.1650,5.28738090e-02,3.27251074e-03
12.1750,5.27515307e-02,3.26295252e-03
12.1850,5.26295352e-02,3.25342488e-03
12.1950,5.25078217e-02,3.24392771e-03
12.2050,5.23863898e-02,3.23446091e-03
12.2150,5.22652386e-02,3.22502437e-03
12.2250,5.21443676e-02,3.21561797e-03
12.2350,5.20237761e-02,3.20624161e-03
12.2450,5.19034635e-02,3.19689518e-03
12.2550,5.17834291e-02,3.18757857e-03
12.2650,5.16636722e-02,3.17829167e-03
12.2750,5.15441923e-02,3.16903439e-03
12.2850,5.14249887e-02,3.15980661e-03
12.2950,5.13060608e-02,3.15060823e-03
12.3050,5.11874078e-02,3.14143914e-03
12.3150,5.10690293e-02,3.13229924e-03
12.3250,5.09509245e-02,3.12318842e-03
12.3350,5.08330929e-02,3.11410658e-03
12.3450,5.07155337e-02,3.10505362e-03
12.3550,5.05982463e-02,3.09602943e-03
12.3650,5.04812302e-02,3.08703391e-03
12.3750,5.03644847e-02,3.07806695e-03
12.3850,5.02480092e-02,3.06912847e-03
12.3950,5.01318029e-02,3.06021834e-03
12.4050,5.00158654e-02,3.05133649e-03
12.4150,4.99001961e-02,3.04248279e-03
12.4250,4.97847942e-02,3.03365716e-03
12.4350,4.96696592e-02,3.02485950e-03
12.4450,4.95547904e-02,3.01608970e-03
12.4550,4.94401873e-02,3.00734766e-03
12.4650,4.93258492e-02,2.99863329e-03
12.4750,4.92117755e-02,2.98994649e-03
12.4850,4.90979656e-02,2.98128717e-03
12.4950,4.89844189e-02,2.97265521e-03
12.5050,4.88711347e-02,2.96405053e-03
12.5150,4.87581125e-02,2.95547303e-03
12.5250,4.86453517e-02,2.94692261e-03
12.5350,4.85328516e-02,2.93839919e-03
12.5450,4.84206117e-02,2.92990265e-03
12.5550,4.83086314e-02,2.92143292e-03
12.5650,4.81969100e-02,2.91298988e-03
12.5750,4.80854470e-02,2.90457346e-03
12.5850,4.79742417e-02,2.89618354e-03
12.5950,4.78632936e-02,2.88782006e-03
12.6050,4.77526021e-02,2.87948290e-03
12.6150,4.76421665e-02,2.87117197e-03
12.6250,4.75319864e-02,2.86288719e-03
12.6350,4.74220610e-02,2.85462846e-03
12.6450,4.73123898e-02,2.84639569e-03
12.6550,4.72029722e-02,2.83818879e-03
12.6650,4.70938077e-02,2.83000767e-03
12.6750,4.69848956e-02,2.82185223e-03
12.6850,4.68762354e-02,2.81372240e-03
12.6950,4.67678264e-02,2.80561807e-03
12.7050,4.66596682e-02,2.79753915e-03
12.7150,4.65517601e-02,2.78948557e-03
12.7250,4.64441015e-02,2.78145722e-03
12.7350,4.63366919e-02,2.77345403e-03
12.7450,4.62295307e-02,2.76547590e-03
12.7550,4.61226173e-02,2.75752275e-03
12.7650,4.60159511e-02,2.74959448e-03
12.7750,4.59095316e-02,2.74169102e-03
12.7850,4.58033582e-02,2.73381227e-03
12.7950,4.56974303e-02,2.72595815e-03
12.8050,4.55917474e-02,2.71812857e-03
12.8150,4.54863089e-02,2.71032346e-03
12.8250,4.53811143e-02,2.70254271e-03
12.8350,4.52761629e-02,2.69478625e-03
12.8450,4.51714542e-02,2.68705399e-03
12.8550,4.50669876e-02,2.67934585e-03
12.8650,4.49627627e-02,2.67166175e-03
12.8750,4.48587787e-02,2.66400160e-03
12.8850,4.47550353e-02,2.65636531e-03
12.8950,4.46515317e-02,2.64875281e-03
12.9050,4.45482675e-02,2.64116400e-03
12.9150,4.44452421e-02,2.63359882e-03
12.9250,4.43424549e-02,2.62605718e-03
12.9350,4.42399055e-02,2.61853899e-03
12.9450,4.41375932e-02,2.61104418e-03
12.9550,4.40355175e-02,2.60357266e-03
12.9650,4.39336779e-02,2.59612436e-03
12.9750,4.38320737e-02,2.58869919e-03
12.9850,4.37307046e-02,2.58129707e-03
12.9950,4.36295698e-02,2.57391793e-03
13.0050,4.35286690e-02,2.56656168e-03
13.0150,4.34280015e-02,2.55922824e-03
13.0250,4.33275667e-02,2.55191754e-03
13.0350,4.32273643e-02,2.54462950e-03
13.0450,4.31273936e-02,2.53736404e-03
13.0550,4.30276540e-02,2.53012108e-03
13.0650,4.29281452e-02,2.52290054e-03
13.0750,4.28288664e-02,2.51570235e-03
13.0850,4.27298172e-02,2.50852643e-03
13.0950,4.26309971e-02,2.50137270e-03
13.1050,4.25324056e-02,2.49424109e-03
13.1150,4.24340420e-02,2.48713152e-03
13.1250,4.23359059e-02,2.48004391e-03
13.1350,4.22379968e-02,2.47297819e-03
13.1450,4.21403140e-02,2.46593429e-03
13.1550,4.20428572e-02,2.45891213e-03
13.1650,4.19456257e-02,2.45191164e-03
13.1750,4.18486191e-02,2.44493273e-03
13.1850,4.17518369e-02,2.43797534e-03
13.1950,4.16552784e-02,2.43103940e-03
13.2050,4.15589433e-02,2.42412482e-03
13.2150,4.14628309e-02,2.41723154e-03
13.2250,4.13669408e-02,2.41035949e-03
13.2350,4.12712725e-02,2.40350858e-03
13.2450,4.11758254e-02,2.39667876e-03
13.2550,4.10805990e-02,2.38986994e-03
13.2650,4.09855929e-02,2.38308205e-03
13.2750,4.08908064e-02,2.37631504e-03
13.2850,4.07962392e-02,2.36956881e-03
13.2950,4.07018907e-02,2.36284330e-03
13.3050,4.06077603e-02,2.35613845e-03
13.3150,4.05138477e-02,2.34945418e-03
13.3250,4.04201522e-02,2.34279042e-03
13.3350,4.03266734e-02,2.33614710e-03
13.3450,4.02334108e-02,2.32952414e-03
13.3550,4.01403638e-02,2.32292149e-03
13.3650,4.00475321e-02,2.31633907e-03
13.3750,3.99549150e-02,2.30977682e-03
13.3850,3.98625121e-02,2.30323466e-03
13.3950,3.97703229e-02,2.29671253e-03
13.4050,3.96783469e-02,2.29021036e-03
13.4150,3.95865836e-02,2.28372809e-03
13.4250,3.94950325e-02,2.27726563e-03
13.4350,3.94036932e-02,2.27082294e-03
13.4450,3.93125650e-02,2.26439993e-03
13.4550,3.92216477e-02,2.25799655e-03
13.4650,3.91309405e-02,2.25161272e-03
13.4750,3.90404432e-02,2.24524839e-03
13.4850,3.89501551e-02,2.23890348e-03
13.4950,3.88600758e-02,2.23257793e-03
13.5050,3.87702049e-02,2.22627168e-03
13.5150,3.86805417e-02,2.21998465e-03
13.5250,3.85910860e-02,2.21371679e-03
13.5350,3.85018371e-02,2.20746803e-03
13.5450,3.84127946e-02,2.20123831e-03
13.5550,3.83239581e-02,2.19502756e-03
13.5650,3.82353270e-02,2.18883572e-03
13.5750,3.81469008e-02,2.18266271e-03
13.5850,3.80586792e-02,2.17650849e-03
13.5950,3.79706615e-02,2.17037299e-03
13.6050,3.78828474e-02,2.16425613e-03
13.6150,3.77952364e-02,2.15815787e-03
13.6250,3.77078280e-02,2.15207814e-03
13.6350,3.76206217e-02,2.14601687e-03
13.6450,3.75336172e-02,2.13997401e-03
13.6550,3.74468138e-02,2.13394949e-03
13.6650,3.73602112e-02,2.12794325e-03
13.6750,3.72738088e-02,2.12195523e-03
13.6850,3.71876063e-02,2.11598537e-03
13.6950,3.71016031e-02,2.11003361e-03
13.7050,3.70157989e-02,2.10409989e-03
13.7150,3.69301931e-02,2.09818415e-03
13.7250,3.68447852e-02,2.09228632e-03
13.7350,3.67595748e-02,2.08640635e-03
13.7450,3.66745616e-02,2.08054418e-03
13.7550,3.65897449e-02,2.07469975e-03
13.7650,3.65051243e-02,2.06887300e-03
13.7750,3.64206995e-02,2.06306386e-03
13.7850,3.63364699e-02,2.05727229e-03
13.7950,3.62524350e-02,2.05149821e-03
13.8050,3.61685945e-02,2.04574158e-03
13.8150,3.60849480e-02,2.04000234e-03
13.8250,3.60014948e-02,2.03428042e-03
13.8350,3.59182347e-02,2.02857578e-03
13.8450,3.58351671e-02,2.02288835e-03
13.8550,3.57522916e-02,2.01721808e-03
13.8650,3.56696078e-02,2.01156490e-03
13.8750,3.55871152e-02,2.00592877e-03
13.8850,3.55048134e-02,2.00030962e-03
13.8950,3.54227020e-02,1.99470740e-03
13.9050,3.53407804e-02,1.98912205e-03
13.9150,3.52590483e-02,1.98355352e-03
13.9250,3.51775051e-02,1.97800174e-03
13.9350,3.50961506e-02,1.97246667e-03
13.9450,3.50149841e-02,1.96694826e-03
13.9550,3.49340054e-02,1.96144643e-03
13.9650,3.48532140e-02,1.95596115e-03
13.9750,3.47726094e-02,1.95049236e-03
13.9850,3.46921913e-02,1.94503999e-03
13.9950,3.46119591e-02,1.93960400e-03
14.0050,3.45319124e-02,1.93418433e-03
14.0150,3.44520509e-02,1.92878094e-03
14.0250,3.43723741e-02,1.92339375e-03
14.0350,3.42928815e-02,1.91802273e-03
14.0450,3.42135728e-02,1.91266781e-03
14.0550,3.41344474e-02,1.90732895e-03
14.0650,3.40555051e-02,1.90200609e-03
14.0750,3.39767453e-02,1.89669917e-03
14.0850,3.38981677e-02,1.89140816e-03
14.0950,3.38197718e-02,1.88613298e-03
14.1050,3.37415572e-02,1.88087360e-03
14.1150,3.36635235e-02,1.87562996e-03
14.1250,3.35856703e-02,1.87040200e-03
14.1350,3.35079971e-02,1.86518969e-03
14.1450,3.34305035e-02,1.85999295e-03
14.1550,3.33531892e-02,1.85481175e-03
14.1650,3.32760537e-02,1.84964604e-03
14.1750,3.31990965e-02,1.84449575e-03
14.1850,3.31223173e-02,1.83936085e-03
14.1950,3.30457157e-02,1.83424127e-03
14.2050,3.29692912e-02,1.82913698e-03
14.2150,3.28930435e-02,1.82404792e-03
14.2250,3.28169721e-02,1.81897404e-03
14.2350,3.27410766e-02,1.81391529e-03
14.2450,3.26653566e-02,1.80887162e-03
14.2550,3.25898118e-02,1.80384298e-03
14.2650,3.25144417e-02,1.79882933e-03
14.2750,3.24392458e-02,1.79383061e-03
14.2850,3.23642239e-02,1.78884678e-03
14.2950,3.22893755e-02,1.78387778e-03
14.3050,3.22147002e-02,1.77892356e-03
14.3150,3.21401975e-02,1.77398409e-03
14.3250,3.20658672e-02,1.76905931e-03
14.3350,3.19917088e-02,1.76414917e-03
14.3450,3.19177219e-02,1.75925363e-03
14.3550,3.18439060e-02,1.75437264e-03
14.3650,3.17702609e-02,1.74950614e-03
14.3750,3.16967861e-02,1.74465411e-03
14.3850,3.16234813e-02,1.73981647e-03
14.3950,3.15503459e-02,1.73499320e-03
14.4050,3.14773797e-02,1.73018424e-03
14.4150,3.14045823e-02,1.72538955e-03
14.4250,3.13319532e-02,1.72060908e-03
14.4350,3.12594921e-02,1.71584278e-03
14.4450,3.11871985e-02,1.71109061e-03
14.4550,3.11150721e-02,1.70635252e-03
14.4650,3.10431126e-02,1.70162847e-03
14.4750,3.09713194e-02,1.69691841e-03
14.4850,3.08996923e-02,1.69222229e-03
14.4950,3.08282308e-02,1.68754007e-03
14.5050,3.07569346e-02,1.68287171e-03
14.5150,3.06858033e-02,1.67821716e-03
14.5250,3.06148365e-02,1.67357638e-03
14.5350,3.05440338e-02,1.66894931e-03
14.5450,3.04733949e-02,1.66433592e-03
14.5550,3.04029193e-02,1.65973617e-03
14.5650,3.03326067e-02,1.65515001e-03
14.5750,3.02624567e-02,1.65057739e-03
14.5850,3.01924689e-02,1.64601827e-03
14.5950,3.01226430e-02,1.64147261e-03
14.6050,3.00529786e-02,1.63694036e-03
14.6150,2.99834753e-02,1.63242148e-03
14.6250,2.99141328e-02,1.62791592e-03
14.6350,2.98449506e-02,1.62342365e-03
14.6450,2.97759284e-02,1.61894463e-03
14.6550,2.97070658e-02,1.61447880e-03
14.6650,2.96383625e-02,1.61002612e-03
14.6750,2.95698180e-02,1.60558657e-03
14.6850,2.95014321e-02,1.60116008e-03
14.6950,2.94332044e-02,1.59674663e-03
14.7050,2.93651344e-02,1.59234616e-03
14.7150,2.92972219e-02,1.58795864e-03
14.7250,2.92294664e-02,1.58358402e-03
14.7350,2.91618676e-02,1.57922227e-03
14.7450,2.90944252e-02,1.57487334e-03
14.7550,2.90271387e-02,1.57053718e-03
14.7650,2.89600078e-02,1.56621377e-03
14.7750,2.88930321e-02,1.56190306e-03
14.7850,2.88262114e-02,1.55760500e-03
14.7950,2.87595452e-02,1.55331956e-03
14.8050,2.86930331e-02,1.54904670e-03
14.8150,2.86266750e-02,1.54478638e-03
14.8250,2.85604702e-02,1.54053855e-03
14.8350,2.84944186e-02,1.53630318e-03
14.8450,2.84285198e-02,1.53208023e-03
14.8550,2.83627733e-02,1.52786966e-03
14.8650,2.82971789e-02,1.52367142e-03
14.8750,2.82317362e-02,1.51948548e-03
14.8850,2.81664448e-02,1.51531180e-03
14.8950,2.81013044e-02,1.51115034e-03
14.9050,2.80363147e-02,1.50700106e-03
14.9150,2.79714752e-02,1.50286392e-03
14.9250,2.79067857e-02,1.49873888e-03
14.9350,2.78422459e-02,1.49462591e-03
14.9450,2.77778553e-02,1.49052497e-03
14.9550,2.77136136e-02,1.48643601e-03
14.9650,2.76495205e-02,1.48235901e-03
14.9750,2.75855756e-02,1.47829391e-03
14.9850,2.75217786e-02,1.47424069e-03
14.9950,2.74581292e-02,1.47019931e-03
15.0050,2.73946269e-02,1.46616972e-03
15.0150,2.73312715e-02,1.46215189e-03
15.0250,2.72680625e-02,1.45814578e-03
15.0350,2.72049998e-02,1.45415136e-03
15.0450,2.71420829e-02,1.45016860e-03
15.0550,2.70793115e-02,1.44619744e-03
15.0650,2.70166853e-02,1.44223786e-03
15.0750,2.69542040e-02,1.43828982e-03
15.0850,2.68918671e-02,1.43435328e-03
15.0950,2.68296745e-02,1.43042821e-03
15.1050,2.67676256e-02,1.42651456e-03
15.1150,2.67057203e-02,1.42261231e-03
15.1250,2.66439581e-02,1.41872142e-03
15.1350,2.65823387e-02,1.41484184e-03
15.1450,2.65208619e-02,1.41097355e-03
15.1550,2.64595272e-02,1.40711651e-03
15.1650,2.63983344e-02,1.40327069e-03
15.1750,2.63372831e-02,1.39943604e-03
15.1850,2.62763730e-02,1.39561254e-03
15.1950,2.62156037e-02,1.39180014e-03
15.2050,2.61549750e-02,1.38799882e-03
15.2150,2.60944865e-02,1.38420854e-03
15.2250,2.60341379e-02,1.38042926e-03
15.2350,2.59739288e-02,1.37666095e-03
15.2450,2.59138590e-02,1.37290357e-03
15.2550,2.58539281e-02,1.36915709e-03
15.2650,2.57941358e-02,1.36542147e-03
15.2750,2.57344818e-02,1.36169669e-03
15.2850,2.56749658e-02,1.35798270e-03
15.2950,2.56155874e-02,1.35427948e-03
15.3050,2.55563463e-02,1.35058698e-03
15.3150,2.54972423e-02,1.34690518e-03
15.3250,2.54382749e-02,1.34323404e-03
15.3350,2.53794439e-02,1.33957353e-03
15.3450,2.53207489e-02,1.33592361e-03
15.3550,2.52621897e-02,1.33228426e-03
15.3650,2.52037660e-02,1.32865543e-03
15.3750,2.51454773e-02,1.32503710e-03
15.3850,2.50873235e-02,1.32142923e-03
15.3950,2.50293041e-02,1.31783179e-03
15.4050,2.49714190e-02,1.31424475e-03
15.4150,2.49136677e-02,1.31066807e-03
15.4250,2.48560499e-02,1.30710172e-03
15.4350,2.47985654e-02,1.30354568e-03
15.4450,2.47412139e-02,1.29999990e-03
15.4550,2.46839950e-02,1.29646435e-03
15.4650,2.46269084e-02,1.29293901e-03
15.4750,2.45699538e-02,1.28942383e-03
15.4850,2.45131309e-02,1.28591880e-03
15.4950,2.44564395e-02,1.28242387e-03
15.5050,2.43998792e-02,1.27893902e-03
15.5150,2.43434496e-02,1.27546422e-03
15.5250,2.42871506e-02,1.27199943e-03
15.5350,2.42309818e-02,1.26854462e-03
15.5450,2.41749428e-02,1.26509976e-03
15.5550,2.41190335e-02,1.26166482e-03
15.5650,2.40632535e-02,1.25823977e-03
15.5750,2.40076025e-02,1.25482458e-03
15.5850,2.39520802e-02,1.25141921e-03
15.5950,2.38966863e-02,1.24802364e-03
15.6050,2.38414205e-02,1.24463784e-03
15.6150,2.37862825e-02,1.24126177e-03
15.6250,2.37312720e-02,1.23789541e-03
15.6350,2.36763888e-02,1.23453872e-03
15.6450,2.36216325e-02,1.23119168e-03
15.6550,2.35670028e-02,1.22785426e-03
15.6650,2.35124995e-02,1.22452641e-03
15.6750,2.34581222e-02,1.22120813e-03
15.6850,2.34038707e-02,1.21789937e-03
15.6950,2.33497446e-02,1.21460010e-03
15.7050,2.32957437e-02,1.21131030e-03
15.7150,2.32418677e-02,1.20802994e-03
15.7250,2.31881162e-02,1.20475898e-03
15.7350,2.31344891e-02,1.20149741e-03
15.7450,2.30809860e-02,1.19824518e-03
15.7550,2.30276067e-02,1.19500228e-03
15.7650,2.29743508e-02,1.19176867e-03
15.7750,2.29212181e-02,1.18854432e-03
15.7850,2.28682082e-02,1.18532921e-03
15.7950,2.28153210e-02,1.18212330e-03
15.8050,2.27625560e-02,1.17892658e-03
15.8150,2.27099131e-02,1.17573900e-03
15.8250,2.26573920e-02,1.17256054e-03
15.8350,2.26049923e-02,1.16939117e-03
15.8450,2.25527138e-02,1.16623086e-03
15.8550,2.25005561e-02,1.16307959e-03
15.8650,2.24485191e-02,1.15993733e-03
15.8750,2.23966025e-02,1.15680405e-03
15.8850,2.23448059e-02,1.15367973e-03
15.8950,2.22931291e-02,1.15056433e-03
15.9050,2.22415718e-02,1.14745783e-03
15.9150,2.21901338e-02,1.14436020e-03
15.9250,2.21388147e-02,1.14127141e-03
15.9350,2.20876143e-02,1.13819144e-03
15.9450,2.20365324e-02,1.13512026e-03
15.9550,2.19855685e-02,1.13205784e-03
15.9650,2.19347226e-02,1.12900415e-03
15.9750,2.18839942e-02,1.12595917e-03
15.9850,2.18333831e-02,1.12292287e-03
15.9950,2.17828891e-02,1.11989523e-03
16.0050,2.17325119e-02,1.11687622e-03
16.0150,2.16822511e-02,1.11386580e-03
16.0250,2.16321066e-02,1.11086397e-03
16.0350,2.15820781e-02,1.10787068e-03
16.0450,2.15321652e-02,1.10488591e-03
16.0550,2.14823678e-02,1.10190964e-03
16.0650,2.14326856e-02,1.09894184e-03
16.0750,2.13831182e-02,1.09598248e-03
16.0850,2.13336655e-02,1.09303154e-03
16.0950,2.12843272e-02,1.09008899e-03
16.1050,2.12351030e-02,1.08715481e-03
16.1150,2.11859926e-02,1.08422897e-03
16.1250,2.11369958e-02,1.08131144e-03
16.1350,2.10881123e-02,1.07840221e-03
16.1450,2.10393419e-02,1.07550124e-03
16.1550,2.09906842e-02,1.07260850e-03
16.1650,2.09421391e-02,1.06972399e-03
16.1750,2.08937062e-02,1.06684766e-03
16.1850,2.08453854e-02,1.06397949e-03
16.1950,2.07971763e-02,1.06111947e-03
16.2050,2.07490787e-02,1.05826756e-03
16.2150,2.07010923e-02,1.05542374e-03
16.2250,2.06532169e-02,1.05258798e-03
16.2350,2.06054523e-02,1.04976026e-03
16.2450,2.05577981e-02,1.04694056e-03
16.2550,2.05102541e-02,1.04412885e-03
16.2650,2.04628200e-02,1.04132510e-03
16.2750,2.04154957e-02,1.03852930e-03
16.2850,2.03682808e-02,1.03574142e-03
16.2950,2.03211751e-02,1.03296144e-03
16.3050,2.02741784e-02,1.03018932e-03
16.3150,2.02272903e-02,1.02742505e-03
16.3250,2.01805107e-02,1.02466860e-03
16.3350,2.01338392e-02,1.02191995e-03
16.3450,2.00872757e-02,1.01917907e-03
16.3550,2.00408199e-02,1.01644595e-03
16.3650,1.99944715e-02,1.01372055e-03
16.3750,1.99482303e-02,1.01100285e-03
16.3850,1.99020960e-02,1.00829284e-03
16.3950,1.98560685e-02,1.00559048e-03
16.4050,1.98101473e-02,1.00289576e-03
16.4150,1.97643324e-02,1.00020865e-03
16.4250,1.97186235e-02,9.97529124e-04
16.4350,1.96730203e-02,9.94857165e-04
16.4450,1.96275225e-02,9.92192749e-04
16.4550,1.95821299e-02,9.89535851e-04
16.4650,1.95368424e-02,9.86886450e-04
16.4750,1.94916595e-02,9.84244521e-04
16.4850,1.94465812e-02,9.81610043e-04
16.4950,1.94016071e-02,9.78982994e-04
16.5050,1.93567370e-02,9.76363350e-04
16.5150,1.93119707e-02,9.73751091e-04
16.5250,1.92673079e-02,9.71146192e-04
16.5350,1.92227484e-02,9.68548632e-04
16.5450,1.91782920e-02,9.65958389e-04
16.5550,1.91339384e-02,9.63375440e-04
16.5650,1.90896873e-02,9.60799764e-04
16.5750,1.90455386e-02,9.58231338e-04
16.5850,1.90014920e-02,9.55670140e-04
16.5950,1.89575473e-02,9.53116148e-04
16.6050,1.89137042e-02,9.50569341e-04
16.6150,1.88699625e-02,9.48029696e-04
16.6250,1.88263219e-02,9.45497193e-04
16.6350,1.87827823e-02,9.42971809e-04
16.6450,1.87393434e-02,9.40453525e-04
16.6550,1.86960049e-02,9.37942318e-04
16.6650,1.86527667e-02,9.35438167e-04
16.6750,1.86096284e-02,9.32941050e-04
16.6850,1.85665900e-02,9.30450948e-04
16.6950,1.85236510e-02,9.27967837e-04
16.7050,1.84808114e-02,9.25491699e-04
16.7150,1.84380708e-02,9.23022510e-04
16.7250,1.83954291e-02,9.20560250e-04
16.7350,1.83528860e-02,9.18104899e-04
16.7450,1.83104413e-02,9.15656435e-04
16.7550,1.82680947e-02,9.13214839e-04
16.7650,1.82258461e-02,9.10780089e-04
16.7750,1.81836952e-02,9.08352165e-04
16.7850,1.81416418e-02,9.05931047e-04
16.7950,1.80996856e-02,9.03516713e-04
16.8050,1.80578265e-02,9.01109144e-04
16.8150,1.80160642e-02,8.98708320e-04
16.8250,1.79743985e-02,8.96314219e-04
16.8350,1.79328291e-02,8.93926822e-04
16.8450,1.78913559e-02,8.91546109e-04
16.8550,1.78499785e-02,8.89172059e-04
16.8650,1.78086969e-02,8.86804652e-04
16.8750,1.77675107e-02,8.84443868e-04
16.8850,1.77264198e-02,8.82089690e-04
16.8950,1.76854239e-02,8.79742095e-04
16.9050,1.76445228e-02,8.77401066e-04
16.9150,1.76037163e-02,8.75066581e-04
16.9250,1.75630042e-02,8.72738623e-04
16.9350,1.75223862e-02,8.70417171e-04
16.9450,1.74818622e-02,8.68102205e-04
16.9550,1.74414319e-02,8.65793707e-04
16.9650,1.74010951e-02,8.63491656e-04
16.9750,1.73608516e-02,8.61196033e-04
16.9850,1.73207012e-02,8.58906819e-04
16.9950,1.72806436e-02,8.56623995e-04
17.0050,1.72406787e-02,8.54347541e-04
17.0150,1.72008062e-02,8.52077439e-04
17.0250,1.71610259e-02,8.49813670e-04
17.0350,1.71213376e-02,8.47556216e-04
17.0450,1.70817411e-02,8.45305056e-04
17.0550,1.70422362e-02,8.43060173e-04
17.0650,1.70028226e-02,8.40821548e-04
17.0750,1.69635002e-02,8.38589162e-04
17.0850,1.69242687e-02,8.36362997e-04
17.0950,1.68851280e-02,8.34143034e-04
17.1050,1.68460777e-02,8.31929256e-04
17.1150,1.68071178e-02,8.29721642e-04
17.1250,1.67682480e-02,8.27520175e-04
17.1350,1.67294680e-02,8.25324838e-04
17.1450,1.66907778e-02,8.23135611e-04
17.1550,1.66521770e-02,8.20952476e-04
17.1650,1.66136655e-02,8.18775415e-04
17.1750,1.65752431e-02,8.16604410e-04
17.1850,1.65369095e-02,8.14439443e-04
17.1950,1.64986646e-02,8.12280496e-04
17.2050,1.64605081e-02,8.10127551e-04
17.2150,1.64224399e-02,8.07980591e-04
17.2250,1.63844598e-02,8.05839597e-04
17.2350,1.63465674e-02,8.03704552e-04
17.2450,1.63087627e-02,8.01575438e-04
17.2550,1.62710454e-02,7.99452237e-04
17.2650,1.62334154e-02,7.97334934e-04
17.2750,1.61958724e-02,7.95223509e-04
17.2850,1.61584162e-02,7.93117945e-04
17.2950,1.61210466e-02,7.91018227e-04
17.3050,1.60837635e-02,7.88924335e-04
17.3150,1.60465665e-02,7.86836253e-04
17.3250,1.60094557e-02,7.84753963e-04
17.3350,1.59724306e-02,7.82677449e-04
17.3450,1.59354912e-02,7.80606692e-04
17.3550,1.58986371e-02,7.78541677e-04
17.3650,1.58618684e-02,7.76482384e-04
17.3750,1.58251846e-02,7.74428798e-04
17.3850,1.57885857e-02,7.72380902e-04
17.3950,1.57520714e-02,7.70338680e-04
17.4050,1.57156416e-02,7.68302115e-04
17.4150,1.56792961e-02,7.66271190e-04
17.4250,1.56430345e-02,7.64245888e-04
17.4350,1.56068569e-02,7.62226194e-04
17.4450,1.55707629e-02,7.60212090e-04
17.4550,1.55347524e-02,7.58203561e-04
17.4650,1.54988252e-02,7.56200589e-04
17.4750,1.54629810e-02,7.54203158e-04
17.4850,1.54272198e-02,7.52211251e-04
17.4950,1.53915413e-02,7.50224852e-04
17.5050,1.53559453e-02,7.48243946e-04
17.5150,1.53204316e-02,7.46268514e-04
17.5250,1.52850000e-02,7.44298543e-04
17.5350,1.52496504e-02,7.42334014e-04
17.5450,1.52143826e-02,7.40374913e-04
17.5550,1.51791962e-02,7.38421224e-04
17.5650,1.51440913e-02,7.36472930e-04
17.5750,1.51090675e-02,7.34530015e-04
17.5850,1.50741248e-02,7.32592465e-04
17.5950,1.50392628e-02,7.30660264e-04
17.6050,1.50044815e-02,7.28733396e-04
17.6150,1.49697806e-02,7.26811845e-04
17.6250,1.49351600e-02,7.24895596e-04
17.6350,1.49006195e-02,7.22984634e-04
17.6450,1.48661588e-02,7.21078942e-04
17.6550,1.48317779e-02,7.19178505e-04
17.6650,1.47974764e-02,7.17283307e-04
17.6750,1.47632543e-02,7.15393332e-04
17.6850,1.47291113e-02,7.13508566e-04
17.6950,1.46950473e-02,7.11628992e-04
17.7050,1.46610621e-02,7.09754596e-04
17.7150,1.46271554e-02,7.07885364e-04
17.7250,1.45933271e-02,7.06021279e-04
17.7350,1.45595771e-02,7.04162328e-04
17.7450,1.45259052e-02,7.02308495e-04
17.7550,1.44923111e-02,7.00459765e-04
17.7650,1.44587948e-02,6.98616124e-04
17.7750,1.44253559e-02,6.96777557e-04
17.7850,1.43919944e-02,6.94944047e-04
17.7950,1.43587101e-02,6.93115581e-04
17.8050,1.43255027e-02,6.91292142e-04
17.8150,1.42923721e-02,6.89473717e-04
17.8250,1.42593181e-02,6.87660290e-04
17.8350,1.42263406e-02,6.85851848e-04
17.8450,1.41934393e-02,6.84048376e-04
17.8550,1.41606141e-02,6.82249860e-04
17.8650,1.41278649e-02,6.80456286e-04
17.8750,1.40951913e-02,6.78667639e-04
17.8850,1.40625934e-02,6.76883906e-04
17.8950,1.40300708e-02,6.75105070e-04
17.9050,1.39976234e-02,6.73331119e-04
17.9150,1.39652511e-02,6.71562038e-04
17.9250,1.39329537e-02,6.69797812e-04
17.9350,1.39007309e-02,6.68038427e-04
17.9450,1.38685827e-02,6.66283868e-04
17.9550,1.38365088e-02,6.64534123e-04
17.9650,1.38045092e-02,6.62789175e-04
17.9750,1.37725835e-02,6.61049013e-04
17.9850,1.37407316e-02,6.59313622e-04
17.9950,1.37089534e-02,6.57582989e-04
18.0050,1.36772487e-02,6.55857099e-04
18.0150,1.36456174e-02,6.54135939e-04
18.0250,1.36140591e-02,6.52419494e-04
18.0350,1.35825739e-02,6.50707752e-04
18.0450,1.35511615e-02,6.49000699e-04
18.0550,1.35198217e-02,6.47298320e-04
18.0650,1.34885544e-02,6.45600602e-04
18.0750,1.34573594e-02,6.43907532e-04
18.0850,1.34262366e-02,6.42219096e-04
18.0950,1.33951857e-02,6.40535280e-04
18.1050,1.33642067e-02,6.38856072e-04
18.1150,1.33332993e-02,6.37181458e-04
18.1250,1.33024633e-02,6.35511424e-04
18.1350,1.32716987e-02,6.33845958e-04
18.1450,1.32410052e-02,6.32185045e-04
18.1550,1.32103827e-02,6.30528674e-04
18.1650,1.31798311e-02,6.28876830e-04
18.1750,1.31493501e-02,6.27229501e-04
18.1850,1.31189395e-02,6.25586674e-04
18.1950,1.30885994e-02,6.23948336e-04
18.2050,1.30583294e-02,6.22314474e-04
18.2150,1.30281293e-02,6.20685074e-04
18.2250,1.29979992e-02,6.19060124e-04
18.2350,1.29679387e-02,6.17439611e-04
18.2450,1.29379478e-02,6.15823522e-04
18.2550,1.29080262e-02,6.14211844e-04
18.2650,1.28781738e-02,6.12604565e-04
18.2750,1.28483904e-02,6.11001671e-04
18.2850,1.28186759e-02,6.09403150e-04
18.2950,1.27890302e-02,6.07808989e-04
18.3050,1.27594530e-02,6.06219176e-04
18.3150,1.27299442e-02,6.04633699e-04
18.3250,1.27005036e-02,6.03052544e-04
18.3350,1.26711312e-02,6.01475699e-04
18.3450,1.26418266e-02,5.99903152e-04
18.3550,1.26125899e-02,5.98334891e-04
18.3650,1.25834208e-02,5.96770902e-04
18.3750,1.25543191e-02,5.95211175e-04
18.3850,1.25252847e-02,5.93655695e-04
18.3950,1.24963175e-02,5.92104452e-04
18.4050,1.24674172e-02,5.90557433e-04
18.4150,1.24385838e-02,5.89014625e-04
18.4250,1.24098171e-02,5.87476017e-04
18.4350,1.23811169e-02,5.85941595e-04
18.4450,1.23524831e-02,5.84411349e-04
18.4550,1.23239155e-02,5.82885265e-04
18.4650,1.22954140e-02,5.81363332e-04
18.4750,1.22669783e-02,5.79845539e-04
18.4850,1.22386085e-02,5.78331874e-04
18.4950,1.22103043e-02,5.76822324e-04
18.5050,1.21820655e-02,5.75316879e-04
18.5150,1.21538920e-02,5.73815528e-04
18.5250,1.21257837e-02,5.72318257e-04
18.5350,1.20977404e-02,5.70825056e-04
18.5450,1.20697619e-02,5.69335912e-04
18.5550,1.20418482e-02,5.67850814e-04
18.5650,1.20139990e-02,5.66369750e-04
18.5750,1.19862142e-02,5.64892707e-04
18.5850,1.19584937e-02,5.63419675e-04
18.5950,1.19308373e-02,5.61950641e-04
18.6050,1.19032448e-02,5.60485595e-04
18.6150,1.18757162e-02,5.59024524e-04
18.6250,1.18482512e-02,5.57567417e-04
18.6350,1.18208497e-02,5.56114264e-04
18.6450,1.17935116e-02,5.54665051e-04
18.6550,1.17662368e-02,5.53219769e-04
18.6650,1.17390250e-02,5.51778406e-04
18.6750,1.17118761e-02,5.50340951e-04
18.6850,1.16847900e-02,5.48907394e-04
18.6950,1.16577666e-02,5.47477722e-04
18.7050,1.16308057e-02,5.46051926e-04
18.7150,1.16039071e-02,5.44629994e-04
18.7250,1.15770708e-02,5.43211914e-04
18.7350,1.15502965e-02,5.41797677e-04
18.7450,1.15235841e-02,5.40387270e-04
18.7550,1.14969335e-02,5.38980684e-04
18.7650,1.14703445e-02,5.37577905e-04
18.7750,1.14438171e-02,5.36178925e-04
18.7850,1.14173509e-02,5.34783731e-04
18.7950,1.13909460e-02,5.33392314e-04
18.8050,1.13646022e-02,5.32004662e-04
18.8150,1.13383192e-02,5.30620764e-04
18.8250,1.13120971e-02,5.29240610e-04
18.8350,1.12859356e-02,5.27864189e-04
18.8450,1.12598346e-02,5.26491490e-04
18.8550,1.12337940e-02,5.25122503e-04
18.8650,1.12078136e-02,5.23757217e-04
18.8750,1.11818933e-02,5.22395621e-04
18.8850,1.11560329e-02,5.21037706e-04
18.8950,1.11302323e-02,5.19683460e-04
18.9050,1.11044914e-02,5.18332873e-04
18.9150,1.10788101e-02,5.16985936e-04
18.9250,1.10531881e-02,5.15642636e-04
18.9350,1.10276253e-02,5.14302965e-04
18.9450,1.10021217e-02,5.12966913e-04
18.9550,1.09766771e-02,5.11634468e-04
18.9650,1.09512913e-02,5.10305621e-04
18.9750,1.09259643e-02,5.08980362e-04
18.9850,1.09006958e-02,5.07658679e-04
18.9950,1.08754857e-02,5.06340564e-04
19.0050,1.08503340e-02,5.05026004e-04
19.0150,1.08252404e-02,5.03714991e-04
19.0250,1.08002049e-02,5.02407513e-04
19.0350,1.07752273e-02,5.01103561e-04
19.0450,1.07503074e-02,4.99803124e-04
19.0550,1.07254451e-02,4.98506194e-04
19.0650,1.07006404e-02,4.97212759e-04
19.0750,1.06758930e-02,4.95922811e-04
19.0850,1.06512029e-02,4.94636340e-04
19.0950,1.06265698e-02,4.93353335e-04
19.1050,1.06019938e-02,4.92073788e-04
19.1150,1.05774745e-02,4.90797687e-04
19.1250,1.05530120e-02,4.89525023e-04
19.1350,1.05286061e-02,4.88255787e-04
19.1450,1.05042565e-02,4.86989968e-04
19.1550,1.04799633e-02,4.85727557e-04
19.1650,1.04557263e-02,4.84468544e-04
19.1750,1.04315453e-02,4.83212919e-04
19.1850,1.04074203e-02,4.81960672e-04
19.1950,1.03833510e-02,4.80711795e-04
19.2050,1.03593374e-02,4.79466277e-04
19.2150,1.03353794e-02,4.78224109e-04
19.2250,1.03114767e-02,4.76985281e-04
19.2350,1.02876294e-02,4.75749784e-04
19.2450,1.02638372e-02,4.74517609e-04
19.2550,1.02401000e-02,4.73288747e-04
19.2650,1.02164177e-02,4.72063188e-04
19.2750,1.01927902e-02,4.70840924e-04
19.2850,1.01692173e-02,4.69621944e-04
19.2950,1.01456990e-02,4.68406241e-04
19.3050,1.01222350e-02,4.67193803e-04
19.3150,1.00988253e-02,4.65984623e-04
19.3250,1.00754697e-02,4.64778691e-04
19.3350,1.00521682e-02,4.63575997e-04
19.3450,1.00289205e-02,4.62376532e-04
19.3550,1.00057266e-02,4.61180286e-04
19.3650,9.98258636e-03,4.59987252e-04
19.3750,9.95949962e-03,4.58797419e-04
19.3850,9.93646629e-03,4.57610779e-04
19.3950,9.91348622e-03,4.56427323e-04
19.4050,9.89055929e-03,4.55247042e-04
19.4150,9.86768539e-03,4.54069926e-04
19.4250,9.84486439e-03,4.52895967e-04
19.4350,9.82209616e-03,4.51725157e-04
19.4450,9.79938059e-03,4.50557485e-04
19.4550,9.77671756e-03,4.49392944e-04
19.4650,9.75410693e-03,4.48231524e-04
19.4750,9.73154860e-03,4.47073217e-04
19.4850,9.70904244e-03,4.45918014e-04
19.4950,9.68658832e-03,4.44765905e-04
19.5050,9.66418614e-03,4.43616883e-04
19.5150,9.64183577e-03,4.42470939e-04
19.5250,9.61953708e-03,4.41328063e-04
19.5350,9.59728997e-03,4.40188248e-04
19.5450,9.57509431e-03,4.39051484e-04
19.5550,9.55294997e-03,4.37917763e-04
19.5650,9.53085686e-03,4.36787077e-04
19.5750,9.50881483e-03,4.35659417e-04
19.5850,9.48682379e-03,4.34534775e-04
19.5950,9.46488360e-03,4.33413143e-04
19.6050,9.44299416e-03,4.32294512e-04
19.6150,9.42115534e-03,4.31178874e-04
19.6250,9.39936703e-03,4.30066220e-04
19.6350,9.37762910e-03,4.28956541e-04
19.6450,9.35594145e-03,4.27849829e-04
19.6550,9.33430396e-03,4.26746076e-04
19.6650,9.31271651e-03,4.25645272e-04
19.6750,9.29117898e-03,4.24547410e-04
19.6850,9.26969126e-03,4.23452481e-04
19.6950,9.24825323e-03,4.22360478e-04
19.7050,9.22686479e-03,4.21271392e-04
19.7150,9.20552581e-03,4.20185216e-04
19.7250,9.18423618e-03,4.19101942e-04
19.7350,9.16299579e-03,4.18021561e-04
19.7450,9.14180453e-03,4.16944066e-04
19.7550,9.12066227e-03,4.15869447e-04
19.7650,9.09956891e-03,4.14797698e-04
19.7750,9.07852433e-03,4.13728809e-04
19.7850,9.05752842e-03,4.12662773e-04
19.7950,9.03658106e-03,4.11599582e-04
19.8050,9.01568215e-03,4.10539226e-04
19.8150,8.99483157e-03,4.09481700e-04
19.8250,8.97402922e-03,4.08426994e-04
19.8350,8.95327497e-03,4.07375102e-04
19.8450,8.93256872e-03,4.06326016e-04
19.8550,8.91191036e-03,4.05279726e-04
19.8650,8.89129978e-03,4.04236227e-04
19.8750,8.87073686e-03,4.03195510e-04
19.8850,8.85022150e-03,4.02157567e-04
19.8950,8.82975359e-03,4.01122390e-04
19.9050,8.80933301e-03,4.00089971e-04
19.9150,8.78895966e-03,3.99060303e-04
19.9250,8.76863342e-03,3.98033377e-04
19.9350,8.74835420e-03,3.97009186e-04
19.9450,8.72812186e-03,3.95987723e-04
19.9550,8.70793633e-03,3.94968980e-04
19.9650,8.68779747e-03,3.93952950e-04
19.9750,8.66770519e-03,3.92939625e-04
19.9850,8.64765938e-03,3.91928998e-04
19.9950,8.62765993e-03,3.90921062e-04
