x,Q2_GeV2,g1d,stat_error,syst_error
0.0020,0.500,-0.3000,0.4800,0.1200
0.0050,1.300,-0.4700,0.4200,0.0600
0.0080,2.100,-0.3700,0.3000,0.0400
0.0140,3.500,-0.3000,0.1700,0.0300
0.0250,5.500,-0.0600,0.1400,0.0200
0.0350,7.500,-0.0700,0.1200,0.0100
0.0490,10.000,0.2700,0.0800,0.0200
0.0770,14.400,0.0400,0.0500,0.0100
0.1210,20.600,0.0900,0.0400,0.0100
0.1720,26.800,0.1500,0.0300,0.0100
0.2410,34.300,0.1200,0.0200,0.0100
0.3420,43.900,0.0500,0.0200,0.0000
0.4790,54.800,0.0300,0.0100,0.0000
