x,Q2_GeV2,F2d,stat_error,syst_error
0.0080,3.50,0.4056,0.0061,0.0137
0.0125,4.50,0.4026,0.0047,0.0133
0.0175,4.50,0.3996,0.0057,0.0115
0.0250,4.50,0.3865,0.0050,0.0099
0.0350,4.50,0.3719,0.0049,0.0087
0.0500,4.50,0.3599,0.0041,0.0054
0.0700,4.50,0.3491,0.0046,0.0046
0.0900,4.50,0.3541,0.0057,0.0043
0.1100,4.50,0.3373,0.0062,0.0046
0.1400,4.50,0.3212,0.0050,0.0050
0.1800,4.50,0.3121,0.0060,0.0057
0.2250,4.50,0.2796,0.0060,0.0052
0.2750,4.50,0.2656,0.0078,0.0051
0.3500,4.50,0.2123,0.0081,0.0093
0.5000,5.50,0.1158,0.0101,0.0122
