Q_fm-1,T20,T20_stat_error,T20_syst_error,GC,GC_error,GQ,GQ_error
2.228,-0.780,0.021,0.053,0.1223,0.0014,3.87,0.26
2.404,-0.877,0.026,0.061,0.0953,0.0014,2.99,0.20
2.603,-1.016,0.031,0.076,0.0701,0.0017,2.36,0.18
2.827,-1.172,0.044,0.083,0.0479,0.0021,1.84,0.15
3.063,-1.244,0.051,0.086,0.0314,0.0033,1.37,0.12
3.319,-1.251,0.074,0.085,0.0139,0.0033,1.091,0.055
3.560,-1.15,0.10,0.08,0.0087,0.0026,0.763,0.031
3.823,-1.13,0.13,0.06,0.0065,0.0015,0.522,0.024
4.140,-0.70,0.17,0.05,0.0003,0.0017,0.3637,0.0048
