Q_fm-1,t20,t20_error,GC,GC_error_plus,GC_error_minus,GQ,GQ_error_plus,GQ_error_minus,A,A_error,B,B_error,original_experiment
0.86,-0.30,0.16,0.627,0.011,0.011,47.0,25.0,25.0,4.03e-1,0.11e-1,3.59e-3,0.13e-3,DMI85
1.15,-0.181,0.070,0.474,0.008,0.008,12.0,4.7,4.7,2.28e-1,0.07e-1,3.75e-3,0.17e-3,VOI86
1.58,-0.400,0.037,0.289,0.006,0.006,8.66,0.81,0.81,8.81e-2,0.33e-2,2.86e-3,0.16e-3,FER96
1.74,-0.420,0.060,0.238,0.005,0.005,6.19,0.90,0.90,6.03e-2,0.24e-2,2.44e-3,0.15e-3,SCH84
2.026,-0.713,0.090,0.160,0.005,0.005,5.51,0.73,0.73,2.99e-2,0.13e-2,1.75e-3,0.12e-3,BOU99
2.03,-0.590,0.130,0.163,0.005,0.005,4.50,1.02,1.02,2.96e-2,0.13e-2,1.74e-3,0.12e-3,SCH84
2.352,-0.896,0.093,0.100,0.004,0.004,3.49,0.41,0.41,1.32e-2,0.06e-2,1.14e-3,0.09e-3,BOU99
2.49,-0.751,0.153,0.087,0.004,0.004,2.17,0.48,0.48,9.30e-3,0.46e-3,9.38e-4,0.76e-4,GIL90
2.788,-1.334,0.233,3.71e-2,1.47e-2,0.11e-2,2.59,0.073,0.073,4.43e-3,0.24e-3,6.02e-4,0.54e-4,BOU99
2.93,-1.255,0.299,3.45e-2,1.22e-2,0.39e-2,1.85,0.12,0.64,3.14e-3,0.18e-3,4.81e-4,0.45e-4,GIL90
3.566,-1.87,1.04,1.53e-2,0.06e-2,1.38e-2,0.651,0.147,0.023,7.76e-4,0.50e-4,1.58e-4,0.17e-4,BOD91
3.78,-1.278,0.186,1.25e-2,0.05e-2,0.55e-2,0.474,0.078,0.018,5.17e-4,0.35e-4,1.03e-4,0.12e-4,GAR94
4.09,-0.534,0.163,-1.14e-3,1.6e-3,1.6e-3,0.383,0.015,0.015,3.06e-4,0.22e-4,5.34e-5,0.67e-5,ABB00
4.22,-0.833,0.153,1.63e-3,1.61e-3,1.44e-3,0.325,0.013,0.013,2.50e-4,0.18e-4,3.99e-5,0.51e-5,GAR94
4.46,-0.324,0.089,-2.39e-3,0.61e-3,0.61e-3,0.245,0.010,0.010,1.78e-4,0.14e-4,2.28e-5,0.31e-5,ABB00
4.62,-0.411,0.187,-1.63e-3,1.14e-3,1.14e-3,0.208,0.009,0.009,1.44e-4,0.11e-4,1.55e-5,0.22e-5,GAR94
5.09,0.178,0.053,-3.87e-3,0.30e-3,0.30e-3,0.119,0.006,0.006,8.15e-5,0.69e-5,4.67e-6,0.80e-6,ABB00
5.47,0.292,0.073,-3.48e-3,0.32e-3,0.32e-3,0.080,0.004,0.004,5.19e-5,0.46e-5,1.67e-6,0.43e-6,ABB00
6.15,0.621,0.168,-3.19e-3,0.55e-3,0.55e-3,0.034,0.005,0.006,2.14e-5,0.21e-5,2.19e-7,0.92e-7,ABB00
6.64,0.476,0.189,-1.89e-3,0.38e-3,0.38e-3,0.023,0.002,0.003,1.06e-5,0.11e-5,3.7e-8,1.9e-8,ABB00
